팀,선수명,포지션,등번호,출전시간(분),득점,도움,슈팅,유효 슈팅,차단된슈팅,벗어난슈팅,PA내 슈팅,PA외 슈팅,오프사이드,프리킥,코너킥,스로인,드리블성공률,패스성공률,키패스,전방패스성공률,후방패스성공률,횡패스성공률,공격지역패스성공률,수비지역패스성공률,중앙지역패스성공률,롱패스성공률,중거리패스성공률,숏패스성공률,크로스성공률,탈압박,경합지상성공률,경합공중성공률,대클성공률,클리어링,인터셉트,차단,획득,블락,볼미스,파울,피파울,경고,퇴장
울산,조현우,GK,21,2581,0,0,0,0,0,0,0,0,0,45,0,0,0,83.4,0,0,100,100,0,83.4,100,49.4,98.8,99.6,0,0,100,0,0,15,7,5,166,0,1,0,0,2,0
울산,김기희,DF,44,983,0,1,4,2,0,2,4,0,0,16,0,1,0,90.9,2,0,97.9,97.9,68.4,87.3,95,71.6,94.6,94.2,33.3,0,72.7,390.9,25,44,14,36,66,3,2,7,3,1,1
울산,김태환,DF,23,2294,1,4,5,2,1,2,1,4,2,18,1,202,46.2,78.2,27,0,98.8,78.4,66.4,80.5,86.1,45.8,75.6,86.9,19.2,1,56,17.3,83.3,22,33,58,190,6,6,37,27,5,0
울산,데이비슨,DF,3,382,0,0,4,0,1,3,2,2,0,4,0,33,0,75.7,2,0,98.5,78.1,66.2,65.1,84.9,41.7,73.4,86.7,22.7,0,62.5,100,60,11,4,25,31,1,1,8,1,1,0
울산,박주호,DF,6,857,0,0,1,1,0,0,0,1,0,10,0,50,0,86.8,3,0,98.7,91.5,73.1,83.5,92.8,56,82.4,93,21.1,0,51.9,51.9,100,13,10,36,79,2,2,18,16,1,0
울산,불투이스,DF,4,1872,0,0,11,3,2,6,8,3,0,26,0,1,100,89.5,1,0,98.6,98.1,56.2,92.4,89.1,65.2,93.2,93.9,20,0,75,228.1,57.5,69,36,100,102,10,2,23,6,5,1
울산,설영우,DF,66,520,0,0,1,0,0,1,1,0,0,12,0,46,0,82.9,1,0,100,89.9,74.4,75,87.8,58.1,77.6,88.9,10,1,59.1,27.3,100,15,9,20,59,1,2,4,16,1,0
울산,정동호,DF,2,97,0,0,1,0,0,1,0,1,0,0,0,4,0,77.3,0,0,100,92,75,71.4,80.6,41.7,87.5,84.2,50,0,75,25,0,1,3,2,13,0,0,1,2,0,0
울산,정승현,DF,15,2196,2,0,11,4,0,7,10,1,1,42,0,6,0,88.4,1,0,97.4,97.4,64.1,86.3,91.1,65.8,91.5,93.6,33.3,0,61.3,287.1,52.4,91,43,106,127,19,3,30,17,5,0
울산,홍철,DF,32,934,0,4,2,1,0,1,1,1,0,16,11,64,70,81.9,13,0,99.5,82.2,72.7,80.1,88.9,56.9,79.3,90.2,30.5,0,44.1,32.4,50,17,20,42,75,3,7,8,7,1,0
울산,고명진,MF,22,619,0,2,8,3,1,4,2,6,1,7,11,5,0,87,8,0,96.4,87.7,83.2,85,89.6,64.7,88.5,90.4,29.4,0,42.9,28.6,57.1,5,7,28,29,3,3,11,8,2,0
울산,김성준,MF,17,186,0,0,2,0,1,1,1,1,0,1,0,0,50,87.5,2,0,96.9,93.1,90.9,92.3,85.9,66.7,91.9,87,50,0,37.5,12.5,0,0,4,6,11,1,0,3,1,0,0
울산,김인성,MF,7,1684,4,5,36,9,18,9,27,9,14,1,0,5,0,78,11,0,92.5,68.9,74,74.1,85.9,43.8,73.2,81.2,6.7,1,38.8,12.9,100,5,27,43,105,2,18,23,27,2,0
울산,박정인,MF,99,282,0,1,2,0,0,2,2,0,0,0,0,0,0,80.2,2,0,93.8,72.7,66.7,60,95.6,50,100,78.5,0,0,14.3,114.3,0,2,4,8,10,0,2,6,4,0,0
울산,설영우,MF,66,484,0,0,3,2,0,1,3,0,2,1,0,7,0,83.2,3,0,94.9,79.5,78.3,86.4,86.3,61.5,81.5,85.4,0,0,68.8,18.8,80,7,9,15,24,0,2,3,4,1,0
울산,신진호,MF,8,1750,1,4,17,3,9,5,7,10,0,24,44,1,50,85.1,29,0,96.4,87.7,74.7,86,89.9,71.2,84.4,89.4,26.5,0,45.8,47.5,45.5,11,16,50,149,2,10,25,15,3,0
울산,원두재,MF,16,1819,0,1,6,0,1,5,4,2,1,22,0,0,50,91.4,5,0,96.3,95.6,88.6,87.1,92.9,77.9,94.1,92.5,50,0,70.9,45.5,66.7,25,39,78,163,15,4,29,25,3,0
울산,윤빛가람,MF,10,1924,4,0,35,15,12,8,8,27,0,46,73,4,50,85.4,25,0,96.2,86.8,71.7,83.1,91.2,62.6,84.9,91.2,28.2,0,60.3,30.2,66.7,12,25,62,149,5,11,32,20,1,0
울산,이근호,MF,11,40,0,0,1,0,0,1,1,0,0,0,0,0,0,66.7,0,0,50,0,100,0,60,0,0,66.7,0,0,33.3,66.7,100,1,0,3,1,0,0,2,1,1,0
울산,이동경,MF,14,202,0,1,5,0,2,3,2,3,0,1,2,0,0,71.6,3,0,95,67.7,57.1,100,81.4,66.7,73.1,71.7,0,0,42.9,71.4,0,0,2,4,14,0,0,4,5,0,0
울산,이상헌,MF,98,403,1,0,11,6,1,4,4,7,1,1,0,0,25,77.8,5,0,87.5,79.5,65.1,75,87.7,40,83.3,78.5,40,0,21.1,5.3,50,2,1,4,13,0,5,7,8,1,0
울산,이청용,MF,72,1420,4,1,11,8,0,3,7,4,4,4,2,14,9.1,84.5,26,0,94.4,86.6,77.8,75.5,91.4,70,82.9,87.1,21.4,2,31.6,24.6,57.1,3,17,44,89,1,11,13,21,1,0
울산,정훈성,MF,30,115,0,0,2,0,1,1,2,0,0,0,0,1,0,64.5,0,0,92.3,40,53.8,60,76.9,0,62.5,71.4,0,0,42.9,0,0,2,0,1,6,0,0,4,0,0,0
울산,박정인,FW,99,27,0,0,3,0,2,1,2,1,0,0,0,0,0,100,0,0,100,100,100,0,100,0,0,100,0,0,0,0,0,0,0,0,2,0,0,0,0,0,0
울산,비욘존슨,FW,19,224,1,1,8,4,3,1,8,0,0,0,0,0,0,66.7,4,0,94.1,81,70.4,100,62.5,50,76.2,62.2,0,0,66.7,183.3,0,2,4,2,4,0,2,3,1,0,1
울산,주니오,FW,9,2005,24,2,90,42,16,32,70,20,10,1,0,2,17.6,70.1,20,0,86.1,70.2,62.6,71.4,79.3,72.7,65.1,71.7,21.4,3,44.4,100,0,9,8,32,53,4,23,21,19,0,0
울산,고명진,대기,22,175,0,0,2,1,1,0,0,2,1,0,1,0,0,83.9,0,0,92.6,90.6,83,71.4,85.7,42.9,85.3,86.7,0,0,60,10,100,0,0,7,11,0,1,5,3,1,0
울산,김기희,대기,44,11,0,0,0,0,0,0,0,0,0,0,0,0,0,100,2,0,0,0,100,100,0,100,0,100,0,0,0,0,0,0,0,0,0,0,0,0,0,0,0
울산,김민덕,대기,5,0,0,0,0,0,0,0,0,0,0,0,0,0,0,0,0,0,0,0,0,0,0,0,0,0,0,0,0,0,0,0,0,0,0,0,0,0,0,0,0
울산,김성준,대기,17,0,0,0,0,0,0,0,0,0,0,0,0,0,0,0,0,0,0,0,0,0,0,0,0,0,0,0,0,0,0,0,0,0,0,0,0,0,0,0,0
울산,김인성,대기,7,247,0,1,7,2,2,3,6,1,2,0,0,2,33.3,79.5,3,0,96.8,73.1,69.4,75,93.1,66.7,84.6,77.3,33.3,0,21.4,28.6,100,2,3,9,10,1,2,2,3,0,0
울산,김태환,대기,23,22,0,0,0,0,0,0,0,0,0,0,0,1,0,57.1,0,0,100,0,50,0,100,0,33.3,75,0,0,0,0,0,0,0,0,1,0,0,1,0,0,0
울산,데이비슨,대기,3,0,0,0,0,0,0,0,0,0,0,0,0,0,0,0,0,0,0,0,0,0,0,0,0,0,0,0,0,0,0,0,0,0,0,0,0,0,0,0,0
울산,민동환,대기,88,0,0,0,0,0,0,0,0,0,0,0,0,0,0,0,0,0,0,0,0,0,0,0,0,0,0,0,0,0,0,0,0,0,0,0,0,0,0,0,0
울산,박정인,대기,99,25,0,0,1,1,0,0,0,1,0,0,0,0,0,60,1,0,80,33.3,50,0,100,0,100,55.6,0,0,0,100,0,0,0,0,2,0,1,0,0,0,0
울산,박주호,대기,6,71,0,1,1,1,0,0,1,0,0,1,0,6,0,90.2,3,0,100,92.9,81,100,95.8,100,95,86.2,60,0,50,0,0,1,1,1,6,2,0,0,1,0,0
울산,불투이스,대기,4,73,0,0,0,0,0,0,0,0,0,0,0,1,0,83.3,0,0,100,100,0,76.9,88.2,50,100,88.9,0,0,0,100,50,2,0,2,3,1,0,2,0,0,0
울산,비욘존슨,대기,19,391,4,0,17,8,2,7,14,3,3,0,0,0,0,61,5,0,90.9,78.9,56.4,57.1,66.7,0,59.1,62.7,66.7,0,28.6,257.1,0,2,1,11,17,0,0,6,2,0,0
울산,서주환,대기,25,0,0,0,0,0,0,0,0,0,0,0,0,0,0,0,0,0,0,0,0,0,0,0,0,0,0,0,0,0,0,0,0,0,0,0,0,0,0,0,0
울산,설영우,대기,66,0,0,0,0,0,0,0,0,0,0,0,0,0,0,0,0,0,0,0,0,0,0,0,0,0,0,0,0,0,0,0,0,0,0,0,0,0,0,0,0
울산,신진호,대기,8,65,0,0,2,1,0,1,0,2,0,2,3,0,0,91.1,2,0,100,93.8,78.6,100,93.9,55.6,95.2,100,60,0,0,200,0,1,0,0,12,0,0,0,0,0,0
울산,원두재,대기,16,83,0,0,0,0,0,0,0,0,0,1,0,0,0,86.3,0,0,100,100,0,88.2,87.9,57.1,90,91.7,0,0,40,100,0,2,2,6,8,1,0,3,2,0,0
울산,윤빛가람,대기,10,119,0,0,4,2,2,0,0,4,0,2,4,0,0,83.1,2,0,87,82.1,74.2,92.9,88.5,66.7,70,88.5,60,0,50,75,66.7,1,1,6,10,0,0,3,0,0,0
울산,윤영선,대기,20,0,0,0,0,0,0,0,0,0,0,0,0,0,0,0,0,0,0,0,0,0,0,0,0,0,0,0,0,0,0,0,0,0,0,0,0,0,0,0,0
울산,이근호,대기,11,276,0,3,4,1,0,3,2,2,5,0,0,0,100,82.5,7,0,95.6,71.8,76.9,100,85,66.7,95.5,79.5,20,0,31.2,18.8,40,5,2,10,11,0,6,5,5,0,0
울산,이동경,대기,14,399,2,0,15,5,7,3,8,7,0,1,9,2,33.3,81.1,10,0,98.5,75,77.9,87.5,83.3,55,72.7,90.5,20,0,54.5,18.2,33.3,5,3,16,34,0,4,10,7,2,0
울산,이상헌,대기,98,0,0,0,0,0,0,0,0,0,0,0,0,0,0,0,0,0,0,0,0,0,0,0,0,0,0,0,0,0,0,0,0,0,0,0,0,0,0,0,0
울산,이청용,대기,72,103,0,0,1,0,1,0,0,1,0,0,1,1,0,83.1,0,0,87.5,82.4,76.9,100,84.6,62.5,81,88.1,0,0,66.7,0,0,0,1,4,7,0,0,0,0,1,0
울산,정동호,대기,2,0,0,0,0,0,0,0,0,0,0,0,0,0,0,0,0,0,0,0,0,0,0,0,0,0,0,0,0,0,0,0,0,0,0,0,0,0,0,0,0
울산,정승현,대기,15,0,0,0,0,0,0,0,0,0,0,0,0,0,0,0,0,0,0,0,0,0,0,0,0,0,0,0,0,0,0,0,0,0,0,0,0,0,0,0,0
울산,정훈성,대기,30,46,1,0,1,1,0,0,1,0,0,0,0,0,0,61.5,0,0,83.3,25,71.4,0,60,100,50,60,0,0,100,33.3,100,0,2,1,6,0,0,6,0,0,0
울산,조수혁,대기,1,0,0,0,0,0,0,0,0,0,0,0,0,0,0,0,0,0,0,0,0,0,0,0,0,0,0,0,0,0,0,0,0,0,0,0,0,0,0,0,0
울산,주니오,대기,9,157,2,0,6,3,2,1,6,0,0,0,0,0,0,73.5,2,0,100,72.2,61.5,100,80,100,69.2,73.7,0,1,75,75,0,0,0,2,7,1,2,2,2,0,0
울산,홍철,대기,32,81,0,0,0,0,0,0,0,0,0,1,0,10,0,82.4,0,0,100,87.5,66.7,70,90.6,40,89.5,85.2,0,0,0,0,100,0,2,6,6,0,1,0,1,0,0
수원,노동건,GK,19,1058,0,0,0,0,0,0,0,0,0,32,0,0,0,62.2,0,0,0,98.2,0,62.1,66.7,44.2,98.4,97.1,0,0,0,0,0,10,0,6,70,0,0,0,1,0,0
수원,양형모,GK,21,1537,0,0,0,0,0,0,0,0,0,46,0,0,0,59.2,0,0,0,98.7,0,59,75,39.9,97.6,100,0,0,100,0,100,13,8,11,112,0,2,0,3,1,0
수원,구대영,DF,90,468,0,0,3,0,2,1,2,1,0,3,0,25,0,81.8,1,0,100,83.6,82.4,72.2,84.8,43.2,85.7,89.7,25,0,70,90,50,13,8,44,42,2,2,4,6,0,0
수원,김민우,DF,10,292,0,0,2,0,0,2,1,1,0,4,0,24,0,84.2,1,0,100,83.5,74.7,80.6,92.5,46.7,77.6,89.9,6.2,1,60,40,66.7,4,5,11,21,0,0,4,2,1,0
수원,민상기,DF,39,1887,0,0,5,0,1,4,3,2,0,17,0,3,0,90.5,2,0,98.5,97.3,54.5,91.4,90.7,75.2,93,93.2,0,0,68.2,354.5,54.2,48,35,115,147,9,5,19,8,1,0
수원,박대원,DF,2,350,0,0,2,0,1,1,1,1,0,5,0,10,0,85.9,1,0,100,97.7,100,83.6,86,46.7,85.7,92.4,0,0,100,100,25,11,8,22,22,1,0,5,3,0,0
수원,양상민,DF,3,1148,0,0,11,1,3,7,3,8,0,31,0,8,0,84,3,0,100,91.9,74.5,76.1,87.7,50,85.5,91.4,0,1,93.8,281.2,48,25,44,76,131,2,7,17,8,2,0
수원,이종성,DF,16,480,0,0,0,0,0,0,0,0,0,6,0,2,0,82,2,0,97.4,95,60,87.7,81.7,48.3,84.5,92,20,2,66.7,41.7,58.3,18,3,25,45,2,1,7,3,3,0
수원,장호익,DF,35,1032,0,0,0,0,0,0,0,0,0,18,0,38,0,87.4,0,0,100,96.7,71.9,83,90.8,57.4,87.6,92.3,0,0,70,70,60,25,21,61,88,5,4,21,13,2,0
수원,조성진,DF,5,446,0,0,1,0,0,1,1,0,0,7,0,2,0,92,0,0,100,99.2,80,93.7,91,63,93.2,96.5,0,0,75,300,60,9,8,21,38,0,0,4,1,1,0
수원,헨리,DF,4,1828,1,0,10,2,2,6,8,2,1,25,0,3,0,81.6,1,0,97.2,95.1,43.8,80,84,61.5,88.4,82.7,100,2,83.3,162.5,65.8,86,44,138,166,10,5,22,8,2,0
수원,강현묵,MF,36,48,0,0,1,0,1,0,1,0,0,0,0,0,0,86.7,0,0,100,100,100,100,77.8,0,0,92.9,0,0,100,0,0,0,1,3,2,0,0,2,0,1,0
수원,고승범,MF,77,1882,2,3,32,10,11,11,5,27,1,21,0,7,100,86.7,19,0,97.8,90.4,79.7,85.2,89.3,71.2,86.8,88,26.7,2,57.1,16.5,41.2,16,50,85,219,9,7,32,19,1,0
수원,구대영,MF,90,189,0,0,0,0,0,0,0,0,0,2,0,17,0,75,0,0,100,90.6,61.1,78.3,77.8,42.9,84.6,76.5,0,0,75,175,66.7,3,3,23,21,1,1,2,2,0,0
수원,김민우,MF,10,2286,4,3,32,10,9,13,19,13,7,40,30,179,21.4,76.3,21,0,96.2,73.3,64,75,84.9,42,70.8,82,20.5,0,48.3,31,55,10,43,77,139,6,17,37,30,3,0
수원,김종우,MF,17,46,0,0,0,0,0,0,0,0,0,0,0,0,0,88.9,0,0,100,100,87.5,80,92.9,100,100,85,0,0,0,0,0,0,1,0,1,0,0,2,1,0,0
수원,김태환,MF,12,657,1,2,5,1,3,1,1,4,0,4,0,69,0,73.8,7,0,94.3,82.3,69.8,64.9,79.4,48,68.7,81.6,33.3,0,61.9,19,0,7,17,28,51,2,3,9,11,3,0
수원,명준재,MF,23,741,0,2,2,0,0,2,2,0,0,1,0,53,50,81.1,8,0,97.9,77.1,71.7,80.3,85.4,51.9,76.2,85.6,27.3,1,62.1,27.6,63.6,4,15,34,49,1,4,18,10,2,0
수원,박상혁,MF,98,1224,1,0,21,7,8,6,3,18,0,10,17,1,50,82.9,10,0,93.8,84,71.4,81.6,88.9,42.2,87.6,85.4,8.3,0,30.6,20.4,40,6,14,47,75,1,11,12,12,2,0
수원,안토니스,MF,8,494,0,0,5,1,1,3,2,3,0,5,0,1,0,73.4,7,0,96.5,88.3,52,77.3,81.8,56.1,78.7,77.3,30.8,0,42.9,42.9,28.6,1,6,16,52,1,4,4,7,1,1
수원,염기훈,MF,26,1114,1,2,19,6,6,7,4,15,0,39,36,11,0,79.5,25,0,97,77.7,66.7,85.7,87.7,52.4,78.5,85.1,25,0,37,133.3,33.3,12,4,27,70,0,8,9,27,0,0
수원,이기제,MF,33,287,0,0,0,0,0,0,0,0,1,1,0,21,100,76,2,0,92.3,81.6,75,61.5,83.6,42.9,62.1,87.2,16.7,0,41.7,8.3,100,8,2,3,20,1,1,3,3,1,0
수원,이상민,MF,24,462,0,0,3,1,1,1,1,2,0,6,0,0,0,88.9,1,0,98,93.9,75,89.5,90.6,74.2,88.8,91.8,0,0,75,16.7,42.9,4,6,29,40,1,0,8,8,1,0
수원,이종성,MF,16,99,0,0,0,0,0,0,0,0,0,1,0,0,0,88.6,1,0,100,100,60,76.5,94.7,57.1,96.4,88.6,0,0,100,100,50,0,0,3,12,0,0,2,0,0,0
수원,임상협,MF,11,95,0,0,0,0,0,0,0,0,0,0,0,2,0,83.3,0,0,100,63.6,60,100,100,100,63.6,91.7,20,0,0,50,0,1,0,2,1,0,2,4,1,0,0
수원,장호익,MF,35,380,0,0,1,0,0,1,0,1,0,4,0,33,0,79.7,4,0,98.4,78.8,62.3,72.2,88.1,43.5,73.5,88.7,16.7,0,69.2,46.2,100,7,8,23,25,1,1,5,5,1,0
수원,최성근,MF,25,256,0,0,2,0,2,0,2,0,0,5,0,0,100,88.1,2,0,100,92.4,81.4,80,91.6,81.8,88.4,88.7,33.3,0,66.7,66.7,50,0,1,8,17,1,1,3,4,0,0
수원,한석종,MF,6,956,1,0,3,1,2,0,2,1,0,16,0,0,0,87.5,1,0,96,94.4,80,89.9,88.6,80,93.3,85.7,50,0,54.1,45.9,50,5,20,46,123,2,2,12,20,2,0
수원,한석희,MF,13,244,0,0,1,0,0,1,0,1,0,0,0,0,20,66.7,2,0,100,76.9,70,25,72.2,0,50,72.7,33.3,1,36.4,18.2,50,3,3,7,10,0,2,2,4,0,0
수원,홍철,MF,33,171,0,0,1,0,0,1,0,1,0,4,3,10,100,71.4,2,0,92.3,65.4,54.5,68.8,82.1,44.4,60,81.2,18.2,0,50,12.5,100,4,2,7,10,0,0,1,2,0,0
수원,김건희,FW,14,925,2,0,15,6,4,5,7,8,1,0,0,1,25,68.3,11,0,90.1,66.1,66.7,40,72.2,35.7,53.7,72.9,8.3,0,34.4,125,50,9,3,9,47,1,7,16,20,2,0
수원,김태환,FW,12,235,0,0,10,3,3,4,4,6,0,0,0,2,50,81.2,1,0,87.1,90,86.1,75,75.9,50,75,86.3,100,0,66.7,16.7,0,1,5,5,12,0,6,4,8,0,0
수원,염기훈,FW,26,148,1,0,1,1,0,0,1,0,0,2,0,0,100,71.7,0,0,94.1,86.4,80.8,0,66.7,33.3,85.7,75.7,33.3,0,28.6,142.9,0,1,1,2,6,1,1,0,3,0,0
수원,임상협,FW,11,61,0,0,1,0,1,0,1,0,1,0,0,2,0,85.2,2,0,100,70,83.3,100,87.5,0,100,82.6,0,0,0,0,0,0,0,0,4,0,0,0,1,0,0
수원,크르피치,FW,7,614,2,0,11,6,3,2,7,4,1,1,0,0,0,80.9,4,0,91.3,78.4,79.2,71.4,82.6,83.3,89.7,78.3,0,0,25,212.5,0,5,5,7,19,1,0,12,4,0,0
수원,타가트,FW,18,1537,8,0,52,20,9,23,29,23,20,0,0,0,0,76,8,0,94,72.9,69.9,33.3,83.8,58.3,71.4,77.9,6.7,1,28.2,51.3,50,6,9,12,51,0,22,24,16,2,0
수원,한석희,FW,13,605,0,0,17,10,3,4,9,8,3,0,0,0,0,64,6,0,81.5,72.9,62.7,87.5,61.7,37.5,52.9,68.5,12.5,1,34.5,6.9,42.9,2,4,18,26,1,9,13,10,2,0
수원,한의권,FW,9,60,0,0,1,1,0,0,1,0,0,0,0,0,0,91.7,0,0,100,80,90,0,100,0,100,88.9,0,0,0,0,0,0,1,0,1,0,0,1,2,0,0
수원,강현묵,대기,36,0,0,0,0,0,0,0,0,0,0,0,0,0,0,0,0,0,0,0,0,0,0,0,0,0,0,0,0,0,0,0,0,0,0,0,0,0,0,0,0
수원,고승범,대기,77,63,1,0,3,1,0,2,2,1,0,1,0,0,0,81.8,0,0,100,100,66.7,50,100,0,66.7,87.5,0,0,50,0,0,1,1,6,2,0,2,3,0,1,0
수원,구대영,대기,90,78,0,0,0,0,0,0,0,0,0,1,0,11,0,81.1,0,0,100,87.5,66.7,80,85.3,83.3,75,83.9,0,0,66.7,66.7,75,0,4,8,10,0,0,1,0,0,0
수원,김건희,대기,14,134,0,0,0,0,0,0,0,0,2,0,0,0,0,59,2,0,81,58.8,55.6,33.3,64.5,33.3,57.1,61.4,0,0,40,160,0,2,2,2,9,0,2,2,5,0,0
수원,김다솔,대기,1,0,0,0,0,0,0,0,0,0,0,0,0,0,0,0,0,0,0,0,0,0,0,0,0,0,0,0,0,0,0,0,0,0,0,0,0,0,0,0,0
수원,김종우,대기,17,30,0,0,0,0,0,0,0,0,0,0,0,0,0,85.7,0,0,80,100,75,100,88.9,100,60,100,0,0,0,0,0,0,0,2,1,0,0,1,0,0,0
수원,김준형,대기,22,35,0,0,0,0,0,0,0,0,0,0,0,0,0,88,0,0,100,91.7,66.7,100,89.5,50,83.3,100,0,0,33.3,0,0,0,1,1,4,1,1,2,0,0,0
수원,김태환,대기,12,90,0,0,1,0,1,0,0,1,0,0,0,2,0,74.2,1,0,88.9,62.5,50,85.7,77.8,66.7,61.5,86.7,0,0,100,0,0,1,1,3,8,0,3,2,3,0,0
수원,노동건,대기,19,0,0,0,0,0,0,0,0,0,0,0,0,0,0,0,0,0,0,0,0,0,0,0,0,0,0,0,0,0,0,0,0,0,0,0,0,0,0,0,0
수원,명준재,대기,23,81,0,0,0,0,0,0,0,0,0,1,0,8,0,66.7,1,0,92.3,66.7,61.3,33.3,78.3,20,81,64.5,12.5,0,0,0,100,2,0,1,5,0,0,2,1,1,0
수원,민상기,대기,39,55,0,0,0,0,0,0,0,0,0,0,0,0,0,96.2,0,0,100,100,0,90.9,100,100,100,85.7,0,0,0,0,100,1,0,3,2,0,0,0,0,0,0
수원,박대원,대기,2,0,0,0,0,0,0,0,0,0,0,0,0,0,0,0,0,0,0,0,0,0,0,0,0,0,0,0,0,0,0,0,0,0,0,0,0,0,0,0,0
수원,박상혁,대기,98,74,0,0,1,1,0,0,1,0,0,0,1,1,0,80.5,1,0,93.3,83.3,72.7,80,84,0,69.2,92.3,0,0,0,33.3,0,0,0,2,2,0,0,0,2,1,0
수원,안찬기,대기,99,0,0,0,0,0,0,0,0,0,0,0,0,0,0,0,0,0,0,0,0,0,0,0,0,0,0,0,0,0,0,0,0,0,0,0,0,0,0,0,0
수원,안토니스,대기,8,307,0,0,11,1,6,4,2,9,0,0,0,0,0,67.6,3,0,100,72.4,53.6,63.6,78.2,53.3,57.5,78.7,5.9,0,40,40,33.3,3,1,9,22,1,0,7,1,0,0
수원,양상민,대기,3,21,0,0,0,0,0,0,0,0,0,0,0,1,0,84.2,0,0,0,100,83.3,66.7,90,75,87.5,85.7,50,0,0,0,0,1,1,4,2,0,0,0,0,0,0
수원,양형모,대기,21,0,0,0,0,0,0,0,0,0,0,0,0,0,0,0,0,0,0,0,0,0,0,0,0,0,0,0,0,0,0,0,0,0,0,0,0,0,0,0,0
수원,염기훈,대기,26,314,1,2,6,3,2,1,2,4,0,9,22,7,0,75,16,0,95.5,75,69.1,71.4,82.6,60.9,63.8,81.9,22.9,0,45.5,109.1,0,2,1,4,15,0,0,7,4,0,0
수원,유주안,대기,28,15,0,0,0,0,0,0,0,0,0,0,0,0,0,60,0,0,100,50,66.7,0,50,0,100,50,0,0,0,0,0,0,0,1,1,0,0,0,0,0,0
수원,이기제,대기,33,22,0,0,0,0,0,0,0,0,0,0,0,1,0,71.4,0,0,100,0,0,50,100,0,100,80,0,0,50,0,0,1,1,1,1,0,0,1,0,0,0
수원,이상민,대기,24,73,0,0,0,0,0,0,0,0,0,0,0,7,0,69.8,0,0,100,57.1,72.2,37.5,82.4,0,56.2,87.5,0,0,0,100,0,4,1,3,4,0,2,1,0,0,0
수원,이용혁,대기,15,0,0,0,0,0,0,0,0,0,0,0,0,0,0,0,0,0,0,0,0,0,0,0,0,0,0,0,0,0,0,0,0,0,0,0,0,0,0,0,0
수원,이종성,대기,16,0,0,0,0,0,0,0,0,0,0,0,0,0,0,0,0,0,0,0,0,0,0,0,0,0,0,0,0,0,0,0,0,0,0,0,0,0,0,0,0
수원,이풍연,대기,27,0,0,0,0,0,0,0,0,0,0,0,0,0,0,0,0,0,0,0,0,0,0,0,0,0,0,0,0,0,0,0,0,0,0,0,0,0,0,0,0
수원,임상협,대기,11,108,0,0,2,1,0,1,2,0,0,0,0,0,50,72.2,1,0,100,50,55.6,100,85.7,0,66.7,73.3,0,0,50,0,0,0,0,1,1,0,1,3,1,0,0
수원,장호익,대기,35,84,0,0,0,0,0,0,0,0,0,0,0,5,0,84.4,1,0,100,87.5,77.8,75,91.7,80,64.3,96.2,0,0,100,0,0,1,2,8,8,0,1,3,2,1,0
수원,조성진,대기,5,78,0,0,0,0,0,0,0,0,0,0,0,0,0,82.4,0,0,100,0,0,83.3,81.8,33.3,100,87.5,0,0,100,200,100,0,1,4,5,0,0,1,0,0,0
수원,최성근,대기,25,30,0,0,1,1,0,0,1,0,0,1,0,1,0,84,0,0,100,80,60,66.7,94.1,0,85.7,88.2,0,0,0,100,0,0,2,1,2,0,0,1,2,0,0
수원,크르피치,대기,7,79,0,1,1,0,1,0,1,0,0,0,0,0,0,84.8,3,0,75,100,72.2,100,100,0,100,82.1,0,0,0,0,0,0,2,0,3,0,2,2,1,1,0
수원,타가트,대기,18,166,1,0,12,6,2,4,6,6,0,0,0,1,0,75,0,0,76.9,87.5,66.7,0,84.6,0,50,76.9,0,0,0,50,0,0,0,1,2,1,1,2,3,0,0
수원,한석희,대기,13,95,0,0,0,0,0,0,0,0,1,0,0,0,0,66.7,1,0,100,40,40,0,85.7,0,0,72.7,0,0,25,0,33.3,0,0,2,0,0,1,2,0,0,0
수원,한의권,대기,9,136,0,0,1,0,1,0,0,1,0,0,0,0,0,82.9,0,0,90.5,80,87,100,75,0,87.5,81.8,0,0,33.3,16.7,0,0,1,4,2,0,3,4,4,1,0
수원,헨리,대기,4,14,0,0,0,0,0,0,0,0,0,0,0,0,0,100,0,0,0,0,0,0,100,0,100,100,0,0,0,0,100,1,1,4,1,0,0,0,0,0,0
포항,강현무,GK,31,2585,0,1,0,0,0,0,0,0,0,82,0,0,0,60.1,1,0,0,99.1,0,60.2,33.3,44.8,96.8,100,0,0,0,0,0,23,11,17,160,0,3,0,8,2,0
포항,강상우,DF,13,960,1,7,13,3,7,3,6,7,2,35,35,66,0,77.3,14,0,95.1,69.1,61.7,80.6,86.9,41,76.4,85.5,23.9,1,51.9,18.5,20,7,18,42,74,4,4,8,19,2,0
포항,권완규,DF,14,1033,1,0,7,4,1,2,4,3,0,11,0,93,33.3,80,7,0,97.9,86.6,64.7,78.9,86.2,44.3,75,89.2,14.3,1,56.1,58.5,16.7,22,19,58,71,4,2,17,8,1,0
포항,김광석,DF,3,2391,0,0,3,0,0,3,3,0,0,26,0,2,0,90.1,0,0,92.9,97.9,50,86.8,93.5,75.4,94.3,89.7,0,0,57.7,200,47.4,59,28,107,194,15,3,22,17,2,0
포항,김상원,DF,17,894,0,0,0,0,0,0,0,0,0,6,0,88,0,79.6,6,0,100,85.2,75.9,68.9,85.2,51.5,79.3,87.4,33.3,0,60,46.7,57.1,19,8,39,58,2,1,17,7,5,0
포항,김용환,DF,13,285,0,1,0,0,0,0,0,0,0,0,0,16,50,81.4,4,0,100,82.9,70.2,74.4,87.6,59,82.5,88.5,53.8,0,42.9,28.6,100,5,3,12,27,2,0,2,3,0,0
포항,박재우,DF,22,547,0,0,1,0,1,0,1,0,0,7,0,43,33.3,78,0,0,100,69.3,61.6,66.7,88,44.4,73.1,86.2,4.8,0,45.5,9.1,50,2,7,18,40,0,3,15,7,2,0
포항,심동운,DF,7,88,0,0,0,0,0,0,0,0,0,0,0,5,0,75,0,0,100,62.5,60,71.4,82.6,50,90,71.4,0,0,33.3,0,0,1,0,4,9,0,1,2,0,0,0
포항,심상민,DF,2,285,0,0,0,0,0,0,0,0,0,3,0,21,0,83.8,3,0,100,88.7,83,81,85.7,36,84.3,92.5,40,0,60,0,83.3,2,9,18,28,1,1,5,6,1,0
포항,오범석,DF,47,96,0,0,0,0,0,0,0,0,0,1,0,13,0,86.5,0,0,100,100,72.7,76.9,96.4,71.4,95,84,0,0,100,0,100,3,3,2,7,0,3,3,1,1,0
포항,전민광,DF,4,955,0,1,6,0,1,5,5,1,0,12,0,46,0,88.9,1,0,100,94.8,83.9,87.5,90.6,60.6,89.1,92,16.7,0,71.4,161.9,54.5,32,8,59,60,6,1,10,11,2,1
포항,하창래,DF,5,2456,1,0,11,4,0,7,10,1,0,37,0,2,100,87.6,4,0,96.4,96,52.4,87.1,89.2,61.9,92.6,90.1,50,0,72.3,174.5,45.5,75,55,140,227,15,3,44,20,8,0
포항,송민규,MF,12,1676,8,5,39,16,14,9,32,7,4,7,5,21,37.5,78.3,22,0,95.8,75.1,73.3,85.4,82.4,66.7,72,81.9,28.9,6,33.6,15,57.1,4,24,27,98,1,22,21,39,1,0
포항,심동운,MF,7,578,0,1,13,4,1,8,3,10,0,0,1,8,0,82,2,0,98,74.1,70.2,80,89.3,27.3,82.5,87.3,8.3,0,19,0,40,0,7,20,36,0,6,5,5,0,0
포항,오닐,MF,8,1119,0,0,10,1,2,7,0,10,0,25,21,0,100,82.4,8,0,97.5,91.1,63.6,86.8,86.1,71.8,86.5,83.2,17.6,3,59.6,76.6,52.6,20,30,65,121,6,2,24,4,3,0
포항,오범석,MF,47,383,0,0,1,0,1,0,1,0,0,3,0,0,0,93.3,0,0,97.1,98.2,83.3,90.3,95.3,93.8,94.5,92.3,0,0,61.5,76.9,40,6,8,22,33,3,1,9,8,0,0
포항,이광혁,MF,11,836,0,3,8,1,3,4,5,3,0,6,6,18,0,81.3,11,0,95.3,73.4,72.5,85.7,87.9,64.5,71.7,86.9,16.3,1,55.2,34.5,66.7,2,9,26,43,0,6,9,17,3,0
포항,이승모,MF,16,1172,2,2,17,8,3,6,12,5,2,9,0,1,50,86.1,5,0,99.3,88.9,75.5,78.7,90.7,72.7,91.3,85.1,36.4,0,54.3,30.4,47.8,12,20,55,68,7,7,19,10,4,0
포항,최영준,MF,6,2198,0,1,8,0,0,8,2,6,1,32,0,12,33.3,86,15,0,98.3,94,82.9,82.2,87.9,71.2,89.6,86.2,25,6,60.8,22.5,43.8,21,56,146,243,7,10,29,34,5,0
포항,팔라시오스,MF,77,1260,4,3,21,7,5,9,16,5,1,0,0,0,39.3,71,19,0,88.4,64,67,72.2,76,50,67.8,74.2,23.6,3,38.6,26.7,28.6,4,20,27,85,0,17,28,16,2,1
포항,팔로세비치,MF,26,1581,11,5,52,21,13,18,21,31,1,52,45,7,50,82.2,42,0,98.6,84.7,72.1,83.8,87.9,62.7,83.7,86.2,41.7,3,50,24,31.2,3,24,33,139,2,10,12,24,3,0
포항,송민규,FW,12,183,0,0,5,1,2,2,4,1,0,1,0,1,100,83.8,2,0,92,79.3,78.4,71.4,95.8,0,78.9,87.5,0,0,50,28.6,100,0,1,7,11,0,1,1,3,0,0
포항,심동운,FW,7,79,0,0,5,2,0,3,4,1,0,0,0,0,0,95.5,0,0,100,90,88.9,100,100,100,83.3,100,0,0,75,0,0,0,0,0,6,0,0,2,0,1,0
포항,일류첸코,FW,10,2369,19,6,73,33,13,27,66,7,10,1,0,0,42.9,73.3,32,0,92.9,72.5,70.5,78.3,75.3,50,71.9,75.8,4.2,0,43.6,134.6,14.3,24,13,43,85,4,27,64,43,6,0
포항,팔라시오스,FW,77,320,1,1,6,3,2,1,4,2,1,0,0,0,50,68.5,7,0,78.1,74.5,61,57.1,80,33.3,58.6,75,31.2,0,31.2,62.5,0,2,6,4,20,0,4,6,5,2,0
포항,고영준,대기,79,122,2,1,9,4,2,3,6,3,0,0,0,1,100,84.4,6,0,90.9,89.5,75,100,94.7,50,84.6,86.7,50,0,14.3,14.3,0,0,1,3,3,0,3,2,0,0,0
포항,권완규,대기,14,54,0,0,1,0,1,0,1,0,0,0,0,3,0,82.5,0,0,100,73.3,76.2,100,83.3,33.3,76.9,91.7,40,0,100,0,0,0,1,2,3,0,0,1,0,0,0
포항,김광석,대기,3,75,0,0,1,0,1,0,1,0,0,2,0,0,0,87.5,0,0,100,100,0,87.5,87.5,60,100,100,0,1,100,200,0,1,3,5,3,1,1,0,1,0,0
포항,김상원,대기,17,19,0,0,0,0,0,0,0,0,0,1,0,2,0,81.8,0,0,100,100,0,66.7,87.5,0,100,77.8,0,0,0,0,0,1,0,2,3,0,0,0,0,0,0
포항,김주환,대기,19,4,0,0,0,0,0,0,0,0,0,0,0,0,0,100,0,0,0,0,0,0,100,0,0,100,0,0,0,0,0,0,0,0,0,0,0,0,0,0,0
포항,남준재,대기,9,83,0,0,3,1,1,1,3,0,0,0,0,0,0,71.4,0,0,100,63.6,75,50,75,50,71.4,73.7,33.3,0,40,20,0,0,3,0,7,0,1,5,2,0,0
포항,박재우,대기,22,77,0,0,0,0,0,0,0,0,0,0,0,5,0,72.7,0,0,100,85.7,80,60,75,0,66.7,92.3,0,0,100,100,0,4,0,4,6,1,1,1,1,0,0
포항,박재훈,대기,27,35,0,0,0,0,0,0,0,0,0,0,0,0,0,100,1,0,100,100,100,100,100,0,100,100,0,0,100,33.3,0,1,1,3,5,0,0,1,0,0,0
포항,송민규,대기,12,216,2,1,8,3,2,3,5,3,1,0,1,7,0,85.2,4,0,100,84.8,86.5,85.7,82.8,60,85.7,87.1,25,0,33.3,11.1,0,0,0,3,19,0,4,1,12,0,0
포항,심동운,대기,7,282,0,0,5,0,1,4,1,4,1,0,0,2,0,83.1,2,0,95.8,68.2,75.8,85.7,94.7,0,78.6,88.4,14.3,1,44.4,11.1,50,1,1,8,15,0,2,2,2,0,0
포항,양태렬,대기,24,0,0,0,0,0,0,0,0,0,0,0,0,0,0,0,0,0,0,0,0,0,0,0,0,0,0,0,0,0,0,0,0,0,0,0,0,0,0,0,0
포항,오닐,대기,8,0,0,0,0,0,0,0,0,0,0,0,0,0,0,0,0,0,0,0,0,0,0,0,0,0,0,0,0,0,0,0,0,0,0,0,0,0,0,0,0
포항,오범석,대기,47,83,0,0,1,0,0,1,1,0,0,1,0,0,0,93.2,0,0,100,100,83.3,100,93.5,75,94.1,94.7,0,0,100,25,100,1,1,5,9,0,0,3,2,1,0
포항,이광혁,대기,11,413,1,1,11,4,5,2,9,2,4,5,1,7,33.3,82.2,9,0,98.8,72.3,76.5,86.7,88.2,53.3,74,88.3,22.7,0,57.1,28.6,20,5,3,7,36,0,3,8,9,1,0
포항,이승모,대기,16,95,0,0,1,0,0,1,0,1,0,1,0,0,0,72.3,1,0,100,68.8,25,80,82.8,100,62.5,74.1,0,0,71.4,42.9,33.3,0,5,5,11,0,0,6,1,0,0
포항,이지용,대기,99,0,0,0,0,0,0,0,0,0,0,0,0,0,0,0,0,0,0,0,0,0,0,0,0,0,0,0,0,0,0,0,0,0,0,0,0,0,0,0,0
포항,일류첸코,대기,10,28,0,0,0,0,0,0,0,0,0,0,0,0,0,70,1,0,50,100,80,100,50,100,66.7,66.7,0,0,66.7,66.7,50,0,1,1,1,0,0,1,0,0,0
포항,전민광,대기,4,149,0,0,2,0,0,2,1,1,0,1,0,6,0,87.9,2,0,100,91.7,70,82.6,97,83.3,88.5,88.2,60,0,100,600,0,5,4,10,9,1,0,0,3,0,0
포항,팔라시오스,대기,77,91,0,2,2,1,0,1,1,1,0,0,0,0,75,66.7,4,0,83.3,72.2,65.2,100,66.7,0,57.1,70.6,66.7,0,25,50,0,0,5,1,6,0,0,1,1,1,0
포항,팔로세비치,대기,26,117,3,1,9,6,2,1,4,5,0,5,3,0,0,71.2,4,0,83.3,77.3,72,66.7,71.4,50,71.4,78.3,20,1,100,200,0,1,0,1,7,0,2,0,2,0,0
포항,허용준,대기,9,21,0,0,0,0,0,0,0,0,1,0,0,0,0,87.5,0,0,100,75,83.3,0,100,0,66.7,100,0,0,75,25,0,0,1,0,2,0,0,0,0,0,0
포항,황인재,대기,1,0,0,0,0,0,0,0,0,0,0,0,0,0,0,0,0,0,0,0,0,0,0,0,0,0,0,0,0,0,0,0,0,0,0,0,0,0,0,0,0
전북,송범근,GK,31,2592,0,0,0,0,0,0,0,0,0,63,0,0,0,74.2,0,0,0,100,0,74.2,100,42,98.4,100,0,0,100,0,50,13,7,8,142,0,0,0,3,1,0
전북,구자룡,DF,15,94,0,0,0,0,0,0,0,0,0,0,0,0,0,80.4,0,0,100,100,0,80,81,50,83.3,83.3,0,0,100,233.3,100,2,4,5,8,0,1,0,0,0,0
전북,김민혁,DF,92,1247,1,0,3,1,1,1,3,0,0,20,0,5,0,89.3,1,0,100,96.2,54.5,85.5,92.7,75.8,93.3,91.9,20,0,77.8,433.3,66.7,40,21,55,97,11,1,11,9,0,0
전북,김진수,DF,22,1443,0,2,21,6,3,12,6,15,0,24,0,136,28.6,80.4,20,0,98.3,79.3,71,81.9,85.2,48.3,79,88.7,30.1,2,52.4,83.3,63.6,19,32,70,128,2,9,25,32,1,1
전북,이용,DF,2,1873,0,1,6,2,1,3,2,4,0,47,0,183,42.9,83.2,23,0,97.1,89,74.3,86.5,86.5,42.7,81.2,92.4,25.6,1,69.6,51.8,63,29,35,119,164,6,4,26,9,5,0
전북,이주용,DF,32,636,0,0,8,1,2,5,5,3,0,7,0,73,33.3,81,11,0,98.4,82,71.9,75.6,87.8,47.2,74.3,88.2,28.2,1,63.3,60,83.3,12,17,38,80,2,3,8,3,1,0
전북,최보경,DF,6,1720,0,0,0,0,0,0,0,0,0,36,0,10,0,91.3,3,0,100,98.1,76.5,90.1,92.4,69.7,94.4,95.2,33.3,0,92.9,307.1,66.7,43,22,70,178,6,3,9,10,2,0
전북,최철순,DF,25,1149,0,2,4,1,2,1,0,4,1,4,0,104,75,83.8,5,0,98.2,93.1,88.1,72.4,84.9,44.4,79,90.9,37,0,76.3,57.9,25,16,20,58,82,2,6,14,9,2,0
전북,홍정호,DF,26,1981,1,1,12,6,0,6,10,2,0,26,0,5,0,88.2,3,0,98.3,96.4,77.8,85.5,90.1,64.5,90.3,94.6,0,0,69.7,327.3,72.2,78,57,84,213,20,5,20,8,3,1
전북,김보경,MF,13,1668,4,2,34,11,7,16,20,14,2,23,46,10,18.2,83.3,22,0,97.1,81.7,72.3,78,91.6,49.4,79.8,89.4,14.5,2,45,25,33.3,8,20,46,109,2,7,26,26,0,0
전북,나성은,MF,18,47,0,0,0,0,0,0,0,0,0,0,0,0,0,69.2,1,0,83.3,66.7,62.5,100,75,0,50,72.7,0,0,50,0,0,0,0,0,3,0,1,1,4,0,0
전북,무릴로,MF,10,575,1,0,18,6,6,6,7,11,0,6,4,2,20,82.6,9,0,100,82.4,79.6,75,87.9,64.7,76.6,86.3,44.4,0,50,25,50,3,7,13,38,0,4,4,14,0,0
전북,바로우,MF,37,695,1,3,8,4,2,2,3,5,2,0,0,2,46.2,71.7,10,0,97.1,64.7,69.4,50,81.7,55.6,53.3,78.5,27.6,0,46.5,18.6,50,2,3,33,34,0,10,12,11,1,0
전북,손준호,MF,28,2376,2,5,34,9,11,14,6,28,1,137,72,3,50,83.9,30,0,97.7,88.7,63,87.7,88.8,61.1,87,91.2,20.5,2,66.4,54,62.3,39,51,171,291,7,5,59,67,5,0
전북,신형민,MF,44,240,0,0,0,0,0,0,0,0,0,1,0,0,0,87,2,0,100,96,73.7,95.8,87.4,68,88,92.4,33.3,0,70,100,0,6,6,14,23,0,0,2,5,1,0
전북,이성윤,MF,29,193,1,0,7,3,2,2,5,2,0,0,0,1,0,71.9,0,0,87.9,66.7,61.5,100,85,42.9,57.1,78,25,0,83.3,41.7,0,0,4,11,7,0,1,6,2,0,0
전북,이수빈,MF,57,110,0,0,0,0,0,0,0,0,0,0,0,0,0,86.1,1,0,100,73.7,80,85.7,89.5,66.7,100,80,50,0,75,25,0,1,1,1,14,1,2,2,2,0,0
전북,이승기,MF,14,1672,3,1,33,7,9,17,10,23,3,5,1,3,50,85.3,12,0,95,91.5,72.6,84.5,92,64.9,84.9,87.8,29,2,48.3,19,55.6,3,17,45,128,2,7,12,22,1,0
전북,이시헌,MF,77,48,0,0,1,0,1,0,0,1,0,0,0,0,0,57.1,0,0,100,50,0,50,70,50,0,63.6,0,0,0,100,0,0,1,1,6,0,0,0,1,0,0
전북,조규성,MF,11,658,3,1,12,5,1,6,11,1,2,2,0,7,0,72.4,8,0,86.1,63.8,65.4,75,80.5,36.4,72.2,74.8,14.3,1,40,94.3,0,3,10,18,42,1,10,15,14,0,0
전북,쿠니모토,MF,17,1455,2,0,34,9,10,15,14,20,1,3,4,9,63.6,80.7,13,0,97,84.6,69.9,79.1,87.1,70.8,81.2,82.4,18.2,2,42.5,15.1,38.1,3,19,46,120,1,19,28,21,2,0
전북,한교원,MF,7,1642,8,3,35,13,11,11,31,4,3,1,0,0,24,76.6,24,0,92.5,68.1,72.7,69.6,84.7,29.4,69.4,80.2,27.1,1,34.2,34.2,33.3,3,10,43,89,0,20,25,26,1,0
전북,구스타보,FW,9,983,4,1,46,10,9,27,41,5,9,2,0,1,25,67.4,4,0,90,67.7,60,80,72.9,25,66.7,70.1,33.3,1,40.9,240.9,50,10,3,12,39,1,9,9,6,2,0
전북,라스,FW,9,71,0,0,4,0,0,4,4,0,0,0,0,0,0,77.8,0,0,83.3,71.4,55.6,0,100,0,80,83.3,50,0,0,600,0,1,0,1,4,0,2,2,0,0,0
전북,이동국,FW,20,332,3,0,16,6,2,8,9,7,2,1,0,1,0,73.8,2,0,80.6,74.4,64.8,100,82.7,100,87.5,70.7,33.3,0,12.5,100,0,0,2,1,8,0,4,4,6,1,0
전북,조규성,FW,11,631,1,1,11,3,4,4,7,4,1,0,0,1,0,75.2,8,0,90.2,70.8,71.7,75,80.7,0,78.3,78.2,0,0,25,96.9,0,2,6,10,20,0,6,18,17,2,0
전북,구스타보,대기,9,144,1,1,9,3,1,5,9,0,1,0,0,0,0,75,1,0,100,70,56.2,0,93.8,0,0,82.8,0,0,0,700,50,1,0,3,6,0,2,3,1,2,0
전북,구자룡,대기,15,6,0,0,0,0,0,0,0,0,0,0,0,0,0,100,0,0,100,100,100,0,100,0,100,100,0,0,0,0,0,0,0,0,0,0,0,1,0,0,0
전북,김민혁,대기,92,127,0,0,1,1,0,0,1,0,1,0,0,1,0,90.5,1,0,100,92.6,75,88.9,94.6,71.4,92.6,93.1,50,0,100,166.7,50,7,2,13,12,0,1,0,1,0,0
전북,김보경,대기,13,153,1,0,7,3,3,1,5,2,0,2,7,2,0,82,3,0,93.3,78,68.8,77.8,89.8,33.3,86.1,90.4,0,2,16.7,0,0,1,2,3,10,0,2,2,3,0,0
전북,김정훈,대기,51,0,0,0,0,0,0,0,0,0,0,0,0,0,0,0,0,0,0,0,0,0,0,0,0,0,0,0,0,0,0,0,0,0,0,0,0,0,0,0,0
전북,라스,대기,9,174,1,0,10,3,4,3,9,1,0,0,0,1,0,60.5,1,0,90.9,57.1,71,100,27.3,33.3,90,53.3,50,0,20,240,0,1,0,2,8,0,3,3,4,0,0
전북,무릴로,대기,10,332,0,0,21,6,8,7,9,12,0,4,2,0,20,86.8,3,0,95.5,81.5,80.3,100,93.5,41.7,81.8,92.7,8.3,0,42.9,71.4,0,2,4,4,18,0,8,5,3,1,0
전북,바로우,대기,37,256,1,1,2,1,0,1,1,1,0,1,0,1,46.2,69,5,0,96.3,70.5,61.5,50,87.1,37.5,63,75.4,27.8,0,35.7,14.3,40,0,4,4,14,0,1,5,8,0,0
전북,신형민,대기,44,74,0,0,0,0,0,0,0,0,0,4,0,1,0,86,0,0,100,91.3,66.7,100,86.7,60,88.2,90.5,0,0,66.7,100,0,1,1,3,15,1,0,0,0,0,0
전북,이동국,대기,20,163,1,0,6,2,0,4,5,1,0,1,0,0,0,70.6,3,0,82.4,77.1,65.1,100,79.2,50,53.3,76.5,33.3,0,60,100,0,1,1,2,9,0,2,0,1,0,0
전북,이범영,대기,1,0,0,0,0,0,0,0,0,0,0,0,0,0,0,0,0,0,0,0,0,0,0,0,0,0,0,0,0,0,0,0,0,0,0,0,0,0,0,0,0
전북,이성윤,대기,29,34,0,0,1,0,1,0,0,1,0,0,0,0,0,44.4,0,0,100,28.6,28.6,100,100,0,0,100,0,0,0,0,0,0,0,0,0,0,1,1,0,0,0
전북,이수빈,대기,57,16,0,0,0,0,0,0,0,0,0,0,0,0,0,100,0,0,100,100,100,100,100,0,100,100,0,0,0,0,0,0,0,0,2,0,0,0,0,0,0
전북,이승기,대기,14,172,2,1,6,3,0,3,4,2,0,0,0,1,0,84.3,5,0,100,85.7,76.1,100,89.1,75,79.2,86.5,20,0,60,80,100,0,3,8,26,0,1,3,5,0,0
전북,이시헌,대기,77,2,0,0,0,0,0,0,0,0,0,0,0,0,0,0,0,0,0,0,0,0,0,0,0,0,0,0,0,0,0,0,0,0,0,0,0,0,0,0,0
전북,이용,대기,2,0,0,0,0,0,0,0,0,0,0,0,0,0,0,0,0,0,0,0,0,0,0,0,0,0,0,0,0,0,0,0,0,0,0,0,0,0,0,0,0
전북,이주용,대기,32,34,0,1,1,0,1,0,1,0,0,0,0,0,100,87,2,0,100,83.3,88.9,100,75,100,85.7,85.7,66.7,0,0,100,100,0,0,1,4,0,0,0,0,0,0
전북,정혁,대기,8,2,0,0,0,0,0,0,0,0,0,0,0,0,0,0,0,0,0,0,0,0,0,0,0,0,0,0,0,0,0,0,0,0,0,0,0,0,0,0,0
전북,조규성,대기,11,80,0,0,0,0,0,0,0,0,1,0,0,1,0,65,0,0,100,50,66.7,100,57.1,50,75,64.3,0,0,50,200,0,0,1,0,3,0,2,2,3,1,0
전북,최보경,대기,6,0,0,0,0,0,0,0,0,0,0,0,0,0,0,0,0,0,0,0,0,0,0,0,0,0,0,0,0,0,0,0,0,0,0,0,0,0,0,0,0
전북,최철순,대기,25,48,0,0,0,0,0,0,0,0,0,0,0,8,0,72.4,0,0,100,77.8,85.7,25,77.8,66.7,60,76.2,0,0,0,0,100,2,1,1,5,0,0,0,0,0,0
전북,쿠니모토,대기,17,237,0,1,3,1,1,1,1,2,0,0,2,3,40,82.7,3,0,91.7,86.8,71,100,91.1,94.4,78.3,82.6,41.7,1,36.4,9.1,16.7,1,3,8,17,2,0,7,5,0,0
전북,한교원,대기,7,242,3,1,5,3,2,0,5,0,0,0,0,4,33.3,72.8,6,0,92.7,53.2,69,0,92,0,75,73.9,6.2,0,46.7,26.7,0,0,4,5,11,0,4,5,7,0,0
전북,홍정남,대기,21,0,0,0,0,0,0,0,0,0,0,0,0,0,0,0,0,0,0,0,0,0,0,0,0,0,0,0,0,0,0,0,0,0,0,0,0,0,0,0,0
부산,김정호,GK,25,386,0,0,0,0,0,0,0,0,0,17,0,0,0,61.1,0,0,0,100,0,60.8,100,38.8,100,100,0,0,0,0,0,4,1,2,26,0,2,0,1,0,0
부산,김호준,GK,1,961,0,0,0,0,0,0,0,0,0,0,0,0,0,0,0,0,0,0,0,0,0,0,0,0,0,0,0,0,0,0,0,0,0,0,0,0,0,0,0
부산,최필수,GK,21,1248,0,0,0,0,0,0,0,0,0,42,0,1,0,69,0,0,0,97.3,100,69,50,41.1,98.2,100,0,0,100,0,100,10,4,7,65,0,0,0,3,0,0
부산,강민수,DF,4,1835,1,0,3,2,0,1,3,0,0,34,0,3,0,92.6,1,0,100,97.8,55.6,92.5,94.2,79.2,94.8,95.4,0,0,66.7,766.7,38.5,72,17,80,130,16,2,18,14,3,0
부산,김동우,DF,6,1630,1,0,6,2,1,3,6,0,0,28,0,3,0,87.7,1,0,98.5,97.3,54.5,87.7,88.4,66,92.1,92.4,0,0,50,408.3,33.3,57,21,69,126,23,3,8,8,1,0
부산,김명준,DF,15,352,0,0,2,1,0,1,2,0,0,8,0,0,100,72.9,0,0,96.6,94,33.3,76.6,71.1,42,85.5,86.2,0,0,62.5,137.5,50,27,8,24,20,2,1,7,2,2,0
부산,김문환,DF,33,2298,1,0,13,3,7,3,5,8,0,12,0,209,36.4,84.6,14,0,98.9,89.2,78.7,77.8,89.3,64.2,81,89.9,21,0,45.6,38.2,45.5,27,47,122,202,7,12,25,23,7,0
부산,도스톤벡,DF,5,1289,1,0,2,1,0,1,2,0,2,20,0,2,0,89.1,1,0,100,98.7,72.7,89.4,89.5,73.9,91.2,92.8,50,0,62.5,204.2,66.7,42,24,80,94,10,1,15,12,2,0
부산,박준강,DF,3,1315,0,1,8,1,4,3,1,7,2,14,1,114,0,82.2,6,0,98,87.1,75.9,80.1,85.1,60,80.2,88.5,15.4,0,71.9,68.8,42.9,19,23,79,101,4,7,22,23,5,0
부산,윤석영,DF,17,480,0,0,2,0,1,1,0,2,0,10,4,41,0,77.1,3,0,100,84,62.2,71.2,84.7,50.9,78.4,87.6,21.1,0,30.8,53.8,60,7,4,24,43,3,2,2,7,1,0
부산,이상준,DF,26,853,0,0,3,0,0,3,1,2,1,2,0,51,50,68.7,3,0,95.1,59.6,50,67.9,79.5,48.9,59.6,77.8,8.1,0,57.1,23.8,33.3,19,6,39,67,2,6,6,4,1,0
부산,권용현,MF,13,47,0,0,0,0,0,0,0,0,0,0,0,0,0,60,0,0,100,50,100,0,50,0,0,75,0,0,0,0,0,1,0,1,2,0,0,1,0,0,0
부산,권혁규,MF,30,831,1,0,13,6,3,4,8,5,1,0,0,1,0,80.9,2,0,94.6,79.1,69.5,85,88.2,68.8,81.1,81.9,0,0,23.5,29.4,33.3,3,9,24,36,1,8,21,12,4,0
부산,김명준,MF,15,102,0,0,0,0,0,0,0,0,0,3,0,0,100,79.5,0,0,100,75,0,84.2,82.6,69.2,84.6,83.3,0,0,100,150,100,5,2,13,8,0,0,2,1,0,0
부산,김병오,MF,7,246,0,0,0,0,0,0,0,0,0,0,0,0,33.3,81.8,2,0,96.8,71.4,60.7,90.9,94.7,33.3,84,87,0,1,50,25,0,0,5,3,16,1,6,5,3,0,0
부산,김승준,MF,22,513,0,0,3,1,0,2,1,2,0,2,0,2,0,81.7,3,0,92.6,75.9,75,79.2,86.4,80,87.8,80,0,0,14.3,14.3,66.7,7,9,9,29,0,2,9,9,0,0
부산,김정현,MF,14,525,0,0,7,0,3,4,2,5,0,10,0,0,0,83,2,0,98.1,98,79.2,83.6,83.2,39.1,86.8,87.2,0,1,50,70.8,66.7,20,17,34,72,3,2,12,14,3,0
부산,김진규,MF,23,208,0,0,3,0,1,2,1,2,0,8,0,0,0,73,0,0,100,79.5,60,93.3,74.3,70.6,78.4,70.5,42.9,0,50,75,0,2,2,8,21,0,1,4,1,0,0
부산,박종우,MF,8,1442,1,1,12,4,5,3,1,11,0,66,26,3,50,77.5,7,0,98.9,87.2,47.2,83.8,81.3,67.3,77.8,84.8,14.8,1,56.4,110.3,56.5,32,17,109,156,4,2,26,19,6,0
부산,이규성,MF,24,1955,1,1,17,2,8,7,7,10,0,22,6,7,50,85.7,16,0,96.9,92.1,76.3,82.4,89.8,78.2,89.9,85.2,21.7,2,45.7,15.2,28.6,13,18,50,157,3,3,17,22,2,0
부산,이동준,MF,11,1418,5,4,22,9,5,8,18,4,3,2,0,12,35.7,68.6,15,0,89.4,61.3,61,76.2,76.4,44,68.8,71.9,15.9,0,41.1,13.7,50,5,21,45,55,2,14,26,45,3,0
부산,호물로,MF,10,2194,3,4,36,10,14,12,9,27,0,102,74,6,36.4,76.9,37,0,97.6,83.4,57.4,74.6,86.4,56.2,81.6,83.4,25.2,1,43.8,18.8,0,21,26,77,194,12,9,31,49,2,0
부산,권용현,FW,13,76,0,0,1,0,0,1,1,0,0,0,0,1,0,80.8,0,0,100,88.9,63.6,100,92.9,0,40,90.5,0,0,33.3,0,0,0,1,2,2,0,0,1,4,0,0
부산,권혁규,FW,30,62,0,0,1,0,0,1,1,0,0,0,0,0,0,77.8,0,0,100,80,80,0,85.7,0,66.7,92.3,0,0,0,0,0,1,1,1,2,0,3,1,0,0,0
부산,김병오,FW,7,615,0,1,8,1,3,4,5,3,1,1,0,0,25,67.5,4,0,86.6,59.1,57.8,66.7,78.9,48,70.7,70.9,23.8,1,28.6,17.1,60,3,6,20,33,1,6,17,22,2,0
부산,김승준,FW,22,47,0,0,0,0,0,0,0,0,0,0,0,0,0,83.3,1,0,83.3,100,83.3,100,80,100,50,88.9,0,0,50,50,0,0,1,0,1,0,0,0,0,0,0
부산,김현,FW,13,154,0,0,5,1,1,3,4,1,1,0,0,0,0,66.7,0,0,100,75,57.1,100,68.2,0,50,76.2,0,0,50,87.5,50,1,1,5,6,0,2,1,3,0,0
부산,빈치씽코,FW,9,370,0,0,5,0,1,4,5,0,2,0,0,1,0,56,1,0,100,66.7,52.6,0,58.1,50,40,64.1,33.3,0,75,437.5,75,5,2,6,12,0,4,6,7,1,0
부산,이동준,FW,11,1017,0,0,14,3,2,9,12,2,5,0,0,7,11.1,70.3,12,0,92.9,67,58.9,68.8,88.4,40,51,80.2,18.5,0,26.8,24.4,50,4,11,30,43,0,10,20,31,4,0
부산,이상준,FW,26,224,0,0,1,0,1,0,0,1,0,1,0,3,0,63.9,2,0,100,52,41.9,57.1,85.3,37.5,66.7,67.3,0,0,44.4,33.3,20,1,2,12,11,0,4,6,5,0,0
부산,이정협,FW,18,1752,6,2,27,18,4,5,23,4,10,0,0,1,0,68.8,12,0,87.6,62.6,66.9,73.9,69.7,69.6,67.6,69.1,27.3,1,19.4,154.8,33.3,12,8,10,35,1,9,15,27,0,0
부산,정성민,FW,20,72,0,0,1,0,1,0,1,0,0,0,0,0,0,80,1,0,80,100,66.7,0,100,0,0,80,0,0,0,200,0,2,0,1,2,0,1,3,1,0,0
부산,강민수,대기,4,31,0,0,0,0,0,0,0,0,0,0,0,0,0,92.3,0,0,100,100,0,100,90.9,0,100,100,0,0,66.7,66.7,0,4,1,4,0,0,0,1,0,0,0
부산,권용현,대기,13,61,0,0,0,0,0,0,0,0,0,0,0,0,0,100,2,0,100,100,100,0,100,0,100,100,0,0,0,0,0,0,0,1,2,0,0,2,1,1,0
부산,권혁규,대기,30,50,0,0,1,0,0,1,1,0,0,1,0,0,0,82.6,0,0,100,90,75,100,84.6,0,100,83.3,0,0,66.7,0,0,0,1,2,5,0,0,3,1,0,0
부산,김동우,대기,6,78,0,0,0,0,0,0,0,0,0,0,0,0,0,90.5,0,0,100,100,0,77.8,100,66.7,100,100,100,0,0,100,0,5,1,2,2,0,0,0,0,0,0
부산,김명준,대기,15,22,0,0,0,0,0,0,0,0,0,0,0,0,0,0,0,0,0,0,0,0,0,0,0,0,0,0,0,0,0,2,0,2,0,0,0,0,0,0,0
부산,김문환,대기,33,0,0,0,0,0,0,0,0,0,0,0,0,0,0,0,0,0,0,0,0,0,0,0,0,0,0,0,0,0,0,0,0,0,0,0,0,0,0,0,0
부산,김병오,대기,7,354,0,0,8,2,2,4,6,2,2,0,0,5,28.6,69.9,1,0,91.9,56.5,57.6,100,83.3,50,64.7,78.2,6.7,0,42.9,35.7,50,2,2,9,21,0,4,2,5,0,0
부산,김승준,대기,22,24,0,0,0,0,0,0,0,0,0,0,0,0,0,92.3,1,0,100,100,100,100,66.7,0,100,90,0,0,100,0,0,0,2,1,4,0,0,2,1,0,0
부산,김정현,대기,14,62,1,0,2,1,1,0,2,0,0,0,0,0,0,93.9,1,0,90,100,83.3,85.7,97.2,100,100,90,0,0,100,66.7,0,2,4,4,3,0,0,0,1,0,0
부산,김정호,대기,25,0,0,0,0,0,0,0,0,0,0,0,0,0,0,0,0,0,0,0,0,0,0,0,0,0,0,0,0,0,0,0,0,0,0,0,0,0,0,0,0
부산,김진규,대기,23,155,1,2,5,1,3,1,1,4,1,0,1,1,50,76.7,2,0,100,76.2,65.2,71.4,86.7,80,77.8,75.7,25,0,12.5,12.5,50,2,1,4,12,2,0,4,0,0,0
부산,김현,대기,13,156,1,0,4,2,1,1,4,0,0,0,0,0,0,66.7,0,0,85.7,70,63.6,100,66.7,0,57.1,70.6,0,0,0,125,0,1,1,4,3,0,2,3,0,0,0
부산,김호준,대기,1,0,0,0,0,0,0,0,0,0,0,0,0,0,0,0,0,0,0,0,0,0,0,0,0,0,0,0,0,0,0,0,0,0,0,0,0,0,0,0,0
부산,도스톤벡,대기,5,39,0,0,0,0,0,0,0,0,0,1,0,1,0,92.3,0,0,100,100,100,100,87.5,50,100,100,0,0,50,200,0,1,0,4,1,0,0,0,1,0,0
부산,박경민,대기,27,0,0,0,0,0,0,0,0,0,0,0,0,0,0,0,0,0,0,0,0,0,0,0,0,0,0,0,0,0,0,0,0,0,0,0,0,0,0,0,0
부산,박관우,대기,32,132,0,0,3,0,0,3,3,0,0,0,0,0,0,63.9,0,0,100,60,72.2,40,61.5,66.7,63.6,63.6,0,1,50,50,0,0,2,4,7,0,1,2,1,0,0
부산,박종우,대기,8,43,0,0,0,0,0,0,0,0,0,0,2,0,0,50,0,0,66.7,87.5,33.3,75,46.2,57.1,55.6,25,33.3,0,100,50,25,1,0,2,4,0,0,2,0,0,0
부산,박준강,대기,3,138,0,0,1,0,0,1,0,1,0,0,0,12,0,80.7,4,0,100,73.7,73.7,83.3,84.6,37.5,81.2,90.9,40,0,37.5,37.5,66.7,5,2,6,10,2,3,4,0,2,0
부산,박호영,대기,35,77,0,0,1,0,0,1,1,0,0,0,0,0,0,35.3,0,0,66.7,50,27.3,0,50,100,50,28.6,0,0,33.3,200,0,0,1,2,1,0,0,3,2,0,0
부산,빈치씽코,대기,9,203,0,0,6,3,0,3,6,0,0,0,0,0,0,55.1,2,0,90,72.2,54.8,0,55.6,60,45.5,57.6,0,0,66.7,600,0,6,1,5,4,1,1,6,4,1,0
부산,성호영,대기,44,0,0,0,0,0,0,0,0,0,0,0,0,0,0,0,0,0,0,0,0,0,0,0,0,0,0,0,0,0,0,0,0,0,0,0,0,0,0,0,0
부산,윤석영,대기,17,19,0,0,0,0,0,0,0,0,0,0,0,0,0,100,0,0,100,100,100,100,100,0,100,100,0,0,0,0,0,0,1,1,2,0,0,0,0,0,0
부산,이규성,대기,24,0,0,0,0,0,0,0,0,0,0,0,0,0,0,0,0,0,0,0,0,0,0,0,0,0,0,0,0,0,0,0,0,0,0,0,0,0,0,0,0
부산,이래준,대기,29,0,0,0,0,0,0,0,0,0,0,0,0,0,0,0,0,0,0,0,0,0,0,0,0,0,0,0,0,0,0,0,0,0,0,0,0,0,0,0,0
부산,이상준,대기,26,59,0,0,1,1,0,0,0,1,1,0,0,5,0,72.7,0,0,100,66.7,58.3,88.9,75,25,66.7,82.6,0,0,50,150,0,1,1,2,4,1,1,1,1,0,0
부산,이정협,대기,18,33,0,0,0,0,0,0,0,0,0,0,0,0,0,66.7,0,0,80,0,57.1,0,100,0,100,62.5,0,0,0,0,0,1,0,0,2,0,0,0,0,0,0
부산,이지민,대기,19,23,0,0,0,0,0,0,0,0,0,1,0,2,0,71.4,0,0,0,100,66.7,100,50,0,75,66.7,0,0,100,100,0,1,0,1,0,1,1,0,0,0,0
부산,이지승,대기,28,4,0,0,0,0,0,0,0,0,0,0,0,0,0,0,0,0,0,0,0,0,0,0,0,0,0,0,0,0,0,0,0,0,1,0,0,0,0,0,0
부산,정성민,대기,20,53,0,0,0,0,0,0,0,0,1,0,0,0,0,75,0,0,0,75,100,0,33.3,0,100,71.4,0,0,0,0,0,1,0,2,1,0,0,0,0,0,0
부산,최필수,대기,21,0,0,0,0,0,0,0,0,0,0,0,0,0,0,0,0,0,0,0,0,0,0,0,0,0,0,0,0,0,0,0,0,0,0,0,0,0,0,0,0
부산,한지호,대기,22,75,0,0,1,0,0,1,0,1,0,1,0,0,0,59.1,0,0,100,50,62.5,0,61.5,66.7,33.3,62.5,33.3,0,0,150,0,0,0,2,2,0,0,0,1,0,0
부산,헤이스,대기,40,11,0,0,0,0,0,0,0,0,0,0,0,0,0,100,0,0,100,0,0,0,100,0,0,100,0,0,0,0,0,0,0,0,1,0,0,0,0,0,0
부산,호물로,대기,10,80,1,0,2,2,0,0,1,1,0,0,5,0,0,65.7,0,0,80,64.7,41.7,62.5,86.7,28.6,69.2,80,16.7,0,0,0,0,2,0,2,8,0,0,2,1,0,0
부산,황준호,대기,45,0,0,0,0,0,0,0,0,0,0,0,0,0,0,0,0,0,0,0,0,0,0,0,0,0,0,0,0,0,0,0,0,0,0,0,0,0,0,0,0
성남,김영광,GK,41,2104,0,0,0,0,0,0,0,0,0,58,0,0,0,64.8,0,0,0,99.4,0,64.9,50,37.1,98.2,99.2,0,0,100,0,66.7,17,9,16,115,0,0,0,2,0,0
성남,김영광,GK,500,97,0,0,0,0,0,0,0,0,0,5,0,0,0,80,0,0,0,93.8,0,80,0,50,100,100,0,0,0,0,0,0,0,0,4,0,0,0,0,0,0
성남,전종혁,GK,1,384,0,0,0,0,0,0,0,0,0,15,0,0,0,66.2,0,0,0,100,0,66.2,0,44.4,97.7,100,0,0,100,0,0,2,2,3,25,0,0,0,2,0,0
성남,마상훈,DF,35,575,1,0,1,1,0,0,1,0,0,7,0,0,0,90.3,2,0,100,97.5,66.7,90.3,90.7,64.1,93.6,96.1,0,0,75,191.7,40,33,15,39,26,4,1,9,7,0,0
성남,안영규,DF,6,405,0,0,0,0,0,0,0,0,0,6,0,0,0,83.7,0,0,100,98.6,60,84,84.4,45.5,94.1,93.8,0,0,80,70,66.7,14,3,23,28,3,2,4,3,0,0
성남,연제운,DF,20,2204,0,0,8,2,0,6,7,1,0,70,0,6,100,89.4,2,0,98.8,98.1,70.3,88,91.3,66.8,93.6,94.3,25,0,77.1,188.6,66.7,75,44,110,192,15,2,9,21,3,1
성남,요바노비치,DF,2,190,0,0,0,0,0,0,0,0,0,3,0,0,0,91,0,0,100,96.3,100,90.6,91.2,82.6,94.3,92.2,0,0,100,83.3,100,5,3,13,27,0,0,3,2,1,0
성남,유인수,DF,27,366,0,1,2,1,0,1,0,2,0,1,0,34,25,82.6,2,0,95.2,81.8,75,67.7,93.8,55.6,77.8,86.4,40,0,60,100,100,4,5,22,21,3,2,7,9,0,0
성남,이재원,DF,19,94,0,0,2,0,1,1,1,1,0,0,0,1,0,77.3,0,0,93.3,75,71.4,83.3,79.2,100,76.9,75.9,0,0,100,50,50,0,1,4,6,0,1,4,2,1,0
성남,이창용,DF,4,1692,2,1,7,3,0,4,6,1,0,22,0,6,0,87.7,2,0,99,97.7,66.7,88.6,87.9,65.3,91.2,93.7,25,0,65.2,204.3,70,64,20,88,118,9,2,19,7,4,1
성남,이태희,DF,32,949,0,0,2,1,0,1,1,1,1,14,0,63,33.3,83.1,5,0,98.8,87.2,66.1,79.4,90.1,41.8,81.3,90.1,10.7,0,53.6,53.6,37.5,15,16,39,67,5,4,8,16,0,0
성남,임승겸,DF,40,1393,0,0,5,2,1,2,4,1,3,29,0,8,0,85.4,2,0,98.6,94.7,60.6,86.1,86.8,63.9,89,89.2,0,0,71.4,107.1,37.5,17,24,75,105,6,3,19,8,2,0
성남,최오백,DF,17,149,0,0,1,0,1,0,1,0,3,1,0,1,0,71.2,0,0,87,63.6,46.7,80,81.5,75,33.3,76.2,0,0,0,0,0,2,1,1,11,0,2,1,5,0,0
성남,최지묵,DF,34,521,0,0,1,0,1,0,0,1,0,11,0,34,0,81.5,0,0,100,92.7,72.4,73.2,86.6,46.8,77.6,89.2,0,0,81.8,45.5,16.7,9,7,22,30,4,2,8,8,2,0
성남,권순형,MF,7,478,1,0,7,2,2,3,1,6,0,16,7,0,0,88.1,2,0,98.4,91.5,68.2,89.5,91,61.5,87.1,91.5,11.1,0,64.7,58.8,75,8,19,21,54,1,0,4,7,0,0
성남,김동현,MF,14,1864,0,2,15,1,4,10,1,14,0,40,28,1,33.3,79.6,17,0,97.8,87.4,60.3,82.2,83.9,46.6,83.3,86.6,16.4,0,62.7,59.7,56,57,37,120,183,8,6,39,29,5,0
성남,나상호,MF,23,1000,5,0,34,13,12,9,18,16,0,8,4,4,12.5,77.3,6,0,93.5,64.6,73.2,75,81.4,56.2,70.4,80.6,4.8,1,38.9,11.1,0,3,7,15,52,2,10,9,20,1,0
성남,박수일,MF,3,552,0,0,5,0,1,4,1,4,1,0,0,9,0,83.9,2,0,97.4,78.3,72.1,78.8,92.3,57.1,73.5,91.2,0,0,36.7,23.3,30,5,7,18,38,2,2,10,7,2,1
성남,박태준,MF,28,1395,2,0,14,5,6,3,2,12,0,5,0,6,66.7,84.7,16,0,99,87.1,81,79.8,87.3,83.3,85.5,84.4,53.8,0,50,25,25,10,27,53,120,7,10,16,35,0,0
성남,서보민,MF,11,95,0,1,1,1,0,0,0,1,0,5,0,11,0,72.3,1,0,100,66.7,66.7,54.5,81.8,50,66.7,84.8,50,0,0,0,0,4,0,3,5,0,0,0,2,0,0
성남,연제운,MF,20,96,0,0,0,0,0,0,0,0,0,3,0,0,0,80,0,0,100,100,0,75,100,75,90.9,75,0,0,100,0,0,5,3,2,6,1,0,0,2,0,0
성남,유인수,MF,27,1266,2,2,20,6,6,8,10,10,3,1,0,121,66.7,76.4,9,0,93.9,79.4,73.1,74.3,80.7,54.8,67,81.1,16,0,51.6,67.7,46.2,20,25,56,102,5,9,19,16,2,0
성남,이스칸데로프,MF,16,1219,0,1,12,2,3,7,0,12,0,32,17,12,0,75,10,0,96.5,86,56.2,77.5,79.1,43.9,73,85.3,22.5,0,41.2,26.5,0,12,19,50,109,1,6,7,5,0,0
성남,이재원,MF,19,760,1,0,9,4,2,3,3,6,0,2,0,6,0,81.9,3,0,94.9,86.6,87,78.8,80.3,69.6,78.7,84.7,40,1,45.9,21.6,66.7,12,12,42,52,2,6,17,18,2,0
성남,이태희,MF,32,1513,0,2,4,2,2,0,2,2,1,13,0,113,75,78.2,15,0,96.8,82.2,69.5,79.1,82.6,45.7,80,83.7,23.4,2,52.4,59.5,55.6,31,24,71,120,1,9,16,25,0,0
성남,임선영,MF,5,341,0,0,3,0,1,2,2,1,2,0,1,0,25,75.2,0,0,94.9,81.1,68.2,50,82.6,57.1,71,80.3,40,0,35.7,35.7,0,7,6,17,17,1,3,2,5,0,0
성남,전승민,MF,30,72,0,0,1,0,1,0,1,0,0,1,0,0,0,92.5,1,0,100,100,100,100,89.7,100,95.8,88.5,0,0,100,0,0,2,1,4,11,0,3,0,1,0,0
성남,최병찬,MF,33,131,0,0,1,0,0,1,1,0,1,0,1,0,50,75,0,0,85,100,72.2,75,78.6,0,80,73.1,0,0,60,20,100,2,0,9,6,0,0,5,5,0,0
성남,최오백,MF,17,18,0,0,0,0,0,0,0,0,0,0,0,0,0,100,0,0,100,100,100,100,100,0,100,100,0,0,50,50,0,0,0,3,2,0,0,0,1,0,0
성남,최지묵,MF,34,280,0,0,0,0,0,0,0,0,0,2,0,7,0,86.4,0,0,100,100,60,79.4,89.6,33.3,95.9,92,0,0,33.3,133.3,100,8,4,15,15,0,1,2,4,0,0
성남,김현성,FW,9,735,0,0,11,5,3,3,3,8,0,1,0,0,0,70.4,4,0,88.3,72.9,73.7,75,67.6,20,69.2,72.5,100,0,18.2,218.2,0,5,6,11,21,0,11,11,16,3,0
성남,나상호,FW,23,554,2,0,15,8,4,3,8,7,2,2,9,0,0,70.6,4,0,93.1,63.3,67.9,60,76.6,40,66.7,73.5,20,0,6.7,26.7,0,2,1,17,26,2,5,6,13,0,0
성남,양동현,FW,18,954,3,0,23,7,4,12,14,9,4,1,0,0,0,75.7,8,0,90.3,75.3,74.7,77.8,76.1,92.3,73.2,75.3,60,1,25,237.5,40,7,5,21,36,4,12,15,15,0,0
성남,유인수,FW,27,97,0,0,0,0,0,0,0,0,0,0,0,2,0,81,0,0,100,100,100,62.5,80,0,100,80,0,0,33.3,16.7,100,1,3,9,3,0,0,3,1,0,0
성남,윤용호,FW,22,64,0,0,0,0,0,0,0,0,0,1,1,0,100,83.9,2,0,93.3,85.2,75,83.3,87.5,50,80,89.2,33.3,0,37.5,0,0,0,0,4,6,0,0,1,1,0,0
성남,이스칸데로프,FW,16,188,0,0,1,0,1,0,0,1,0,4,5,3,0,78.5,1,0,100,81.2,61.1,76.2,84.3,38.9,86.4,81.1,0,0,50,25,0,0,6,8,24,0,2,2,0,0,0
성남,이재원,FW,19,189,0,0,1,1,0,0,0,1,2,0,0,1,0,73.1,1,0,100,70.6,76.5,88.9,65.4,85.7,53.3,80,0,0,57.1,14.3,0,1,2,7,18,0,2,4,4,0,0
성남,임선영,FW,5,31,0,0,0,0,0,0,0,0,0,0,0,0,0,61.5,0,0,100,66.7,0,66.7,66.7,0,0,66.7,0,0,0,0,0,0,0,2,1,0,0,0,0,0,0
성남,최병찬,FW,33,80,0,0,0,0,0,0,0,0,0,0,0,0,0,88.2,0,0,100,80,75,100,87.5,100,80,89.3,0,1,80,0,0,1,0,3,6,0,1,1,1,0,0
성남,최오백,FW,17,181,0,0,2,1,0,1,2,0,1,0,1,5,0,82.3,1,0,100,79.2,68,57.1,100,66.7,66.7,88.6,14.3,0,16.7,0,0,0,1,3,11,0,1,0,6,0,0
성남,토미,FW,10,219,2,0,12,7,1,4,9,3,0,2,2,1,0,84.4,0,0,100,66.7,66.7,100,94.1,0,80,90.5,0,0,33.3,50,0,0,0,2,5,1,4,0,1,0,0
성남,홍시후,FW,37,416,1,1,9,5,2,2,8,1,1,0,0,2,50,75.8,5,0,89.8,58.8,71.4,75,79.6,50,85.7,74.7,16.7,0,31.2,25,0,0,4,7,22,0,3,7,10,0,0
성남,권순형,대기,7,33,0,0,0,0,0,0,0,0,0,5,0,0,0,91.1,0,0,100,93.8,57.1,100,96.8,85.7,94.7,89.5,0,0,0,0,0,0,0,4,4,0,0,0,2,0,0
성남,김근배,대기,21,0,0,0,0,0,0,0,0,0,0,0,0,0,0,0,0,0,0,0,0,0,0,0,0,0,0,0,0,0,0,0,0,0,0,0,0,0,0,0,0
성남,김동현,대기,14,0,0,0,0,0,0,0,0,0,0,0,0,0,0,0,0,0,0,0,0,0,0,0,0,0,0,0,0,0,0,0,0,0,0,0,0,0,0,0,0
성남,김영광,대기,41,0,0,0,0,0,0,0,0,0,0,0,0,0,0,0,0,0,0,0,0,0,0,0,0,0,0,0,0,0,0,0,0,0,0,0,0,0,0,0,0
성남,김현성,대기,9,230,0,1,4,0,0,4,4,0,0,0,0,0,0,63.3,4,0,75,70.8,67.7,50,60,50,62.5,65,0,0,40,380,0,2,3,2,9,0,3,6,8,0,0
성남,나상호,대기,23,46,0,0,0,0,0,0,0,0,1,0,0,0,0,33.3,0,0,66.7,0,33.3,100,0,0,0,33.3,0,0,50,0,0,0,1,1,3,0,1,2,2,1,0
성남,마상훈,대기,35,78,0,0,0,0,0,0,0,0,0,1,0,0,0,81,0,0,100,100,0,88.9,75,75,100,66.7,0,0,100,600,0,4,0,11,8,1,0,2,2,1,0
성남,박수일,대기,3,38,0,0,1,0,0,1,0,1,1,0,0,0,100,80,0,0,100,66.7,0,100,66.7,0,0,80,0,0,50,0,0,0,2,1,1,0,1,1,1,0,0
성남,박태준,대기,28,0,0,0,0,0,0,0,0,0,0,0,0,0,0,0,0,0,0,0,0,0,0,0,0,0,0,0,0,0,0,0,0,0,0,0,0,0,0,0,0
성남,서보민,대기,11,172,0,0,4,0,2,2,2,2,0,0,0,9,0,68.2,0,0,100,63,63.6,62.5,72.2,40,66.7,73.5,14.3,0,33.3,33.3,100,4,1,6,10,0,0,0,0,0,0
성남,안영규,대기,6,190,0,0,1,0,0,1,1,0,0,2,0,7,0,82.2,0,0,100,93.3,70,85.7,83.7,50,77.8,91.1,50,0,66.7,266.7,100,9,4,16,9,2,1,2,1,0,0
성남,양동현,대기,18,338,0,0,9,4,2,3,7,2,2,0,0,2,0,74.4,4,0,91.7,69.8,65.9,83.3,79.1,50,79.3,73.8,0,0,42.9,257.1,50,1,4,5,16,1,4,4,8,0,0
성남,요바노비치,대기,2,0,0,0,0,0,0,0,0,0,0,0,0,0,0,0,0,0,0,0,0,0,0,0,0,0,0,0,0,0,0,0,0,0,0,0,0,0,0,0,0
성남,유인수,대기,27,36,0,0,0,0,0,0,0,0,0,0,0,2,0,70,0,0,100,50,50,0,85.7,0,50,83.3,0,0,50,50,0,2,3,4,0,0,1,0,0,0,0
성남,윤용호,대기,22,157,0,0,2,0,0,2,0,2,0,5,4,1,0,79.3,2,0,100,76.3,71.4,100,82.7,37.5,73.8,92.9,11.1,1,55.6,0,25,1,3,4,10,0,3,7,2,0,0
성남,이스칸데로프,대기,16,204,0,1,2,0,1,1,0,2,0,12,8,0,0,72.9,6,0,87.5,87.5,67.5,47.6,83.8,48.1,72.5,83.9,41.2,0,44.4,22.2,0,3,2,3,18,0,1,0,4,0,0
성남,이재원,대기,19,62,0,0,0,0,0,0,0,0,0,0,0,1,0,78.9,0,0,88.9,100,71.4,66.7,88.9,33.3,100,83.3,50,1,40,0,0,0,3,1,6,0,0,2,2,0,0
성남,이창용,대기,4,20,0,0,0,0,0,0,0,0,0,0,0,0,0,91.7,0,0,100,100,33.3,100,100,0,87.5,93.8,0,0,100,0,100,1,1,0,1,0,0,0,1,0,0
성남,이태희,대기,32,0,0,0,0,0,0,0,0,0,0,0,0,0,0,0,0,0,0,0,0,0,0,0,0,0,0,0,0,0,0,0,0,0,0,0,0,0,0,0,0
성남,임선영,대기,5,41,0,0,1,1,0,0,0,1,0,0,0,0,0,81,0,0,100,83.3,60,100,84.6,0,83.3,85.7,0,0,0,200,0,0,3,0,3,0,0,0,0,0,0
성남,임승겸,대기,40,40,0,0,0,0,0,0,0,0,0,0,0,0,0,0,0,0,0,0,0,0,0,0,0,0,0,0,66.7,33.3,0,2,1,4,0,0,0,1,0,0,0
성남,전승민,대기,30,0,0,0,0,0,0,0,0,0,0,0,0,0,0,0,0,0,0,0,0,0,0,0,0,0,0,0,0,0,0,0,0,0,0,0,0,0,0,0,0
성남,전종혁,대기,1,0,0,0,0,0,0,0,0,0,0,0,0,0,0,0,0,0,0,0,0,0,0,0,0,0,0,0,0,0,0,0,0,0,0,0,0,0,0,0,0
성남,최병찬,대기,33,16,0,0,0,0,0,0,0,0,0,0,0,0,0,0,0,0,0,0,0,0,0,0,0,0,0,0,0,0,0,0,0,0,0,0,1,0,0,0,0
성남,최오백,대기,17,86,0,0,1,0,0,1,1,0,0,0,1,2,0,85.4,3,0,92.9,82.4,81.5,100,91.7,50,72.7,92.9,50,0,100,0,0,2,0,2,5,0,1,1,0,0,0
성남,최지묵,대기,34,0,0,0,0,0,0,0,0,0,0,0,0,0,0,0,0,0,0,0,0,0,0,0,0,0,0,0,0,0,0,0,0,0,0,0,0,0,0,0,0
성남,최희원,대기,8,0,0,0,0,0,0,0,0,0,0,0,0,0,0,0,0,0,0,0,0,0,0,0,0,0,0,0,0,0,0,0,0,0,0,0,0,0,0,0,0
성남,토미,대기,10,244,1,0,9,3,4,2,6,3,1,4,8,0,50,66.7,6,0,100,52.2,62.2,33.3,78.3,14.3,58.8,79.5,18.2,0,66.7,33.3,0,3,1,5,12,0,1,5,0,0,0
성남,허자웅,대기,31,0,0,0,0,0,0,0,0,0,0,0,0,0,0,0,0,0,0,0,0,0,0,0,0,0,0,0,0,0,0,0,0,0,0,0,0,0,0,0,0
성남,홍시후,대기,37,240,0,0,3,1,1,1,3,0,0,0,0,0,42.9,82.5,1,0,92.9,68.2,74.4,100,100,50,93.8,79.5,0,0,9.1,45.5,50,0,1,2,12,0,3,3,6,0,0
서울,양한빈,GK,21,1533,0,0,0,0,0,0,0,0,0,61,0,0,0,70,0,0,0,99.2,0,70,66.7,48.2,99.3,100,0,0,0,0,25,12,5,7,103,0,0,2,7,1,1
서울,유상훈,GK,1,1053,0,0,0,0,0,0,0,0,0,38,0,1,0,51.5,0,0,0,100,0,51.7,0,34,97.6,100,0,0,0,0,50,10,5,8,56,0,0,1,3,0,0
서울,강상희,DF,28,187,0,0,0,0,0,0,0,0,0,0,0,16,0,82.5,0,0,100,94.6,75,77.3,84.5,45.5,84.6,89.4,0,0,0,100,0,5,3,7,14,2,1,3,2,1,0
서울,고광민,DF,27,1340,0,1,1,0,0,1,0,1,0,8,0,100,33.3,82.8,6,0,98.6,87.4,73.6,80.8,87,48.4,79.8,89.5,8.1,1,55.9,26.5,20,14,22,62,79,3,5,20,9,2,0
서울,김남춘,DF,4,1810,0,0,3,0,0,3,3,0,0,16,0,0,0,89.8,2,0,100,98.2,57.1,88,91.9,77.2,93.2,90.7,0,0,81.8,215.2,63.6,72,45,123,144,9,4,21,6,5,0
서울,김원식,DF,15,143,0,0,0,0,0,0,0,0,0,1,0,7,0,81.5,1,0,100,94.7,80,63.6,88.9,50,80,94.6,0,0,50,250,33.3,1,1,7,10,1,0,2,2,0,0
서울,김주성,DF,6,1130,0,0,3,1,0,2,1,2,1,15,0,40,0,85,0,0,97,93.9,66.7,83.8,88.2,47.1,85.3,90.1,0,0,57.7,73.1,75,21,13,63,91,3,1,17,10,2,0
서울,김진야,DF,17,194,0,0,2,1,1,0,1,1,0,0,0,19,0,84,2,0,100,86.7,81.6,80,88.2,66.7,83.3,85.5,40,0,33.3,66.7,0,3,5,5,18,0,2,1,2,0,0
서울,윤영선,DF,22,819,0,0,3,1,0,2,3,0,0,12,0,3,0,90.3,2,0,100,98.2,71.4,89.1,91.8,70,94.8,92.1,0,0,90,340,54.5,24,10,53,62,5,0,17,2,3,0
서울,윤종규,DF,23,1537,0,0,7,2,2,3,1,6,0,10,0,134,33.3,80.5,10,0,97.3,81.7,72.5,74.3,87.5,53.1,77.8,86.2,17.9,0,47.5,8.5,35.7,24,33,55,136,3,11,12,11,1,0
서울,정현철,DF,24,94,0,0,0,0,0,0,0,0,0,2,0,0,0,84.4,0,0,100,97.1,50,88,83.8,44.4,91.4,90,100,0,0,0,100,1,6,9,6,1,0,1,1,0,0
서울,황현수,DF,2,1753,1,0,7,2,0,5,6,1,0,30,0,41,0,84,4,0,94.6,95,68.4,84.4,85.3,66.1,88.5,87.2,20,0,72.2,316.7,42.9,40,36,84,156,7,1,18,6,3,0
서울,고광민,MF,27,737,1,0,4,3,1,0,2,2,0,1,0,26,22.2,78.2,5,0,93.3,76.9,79.2,72.1,79.5,33.3,81,83.5,25,0,50,20,100,7,11,28,29,2,2,11,1,0,0
서울,고요한,MF,13,342,0,0,3,0,1,2,2,1,0,0,0,7,0,80.6,0,0,97.8,80,78.4,75,83.3,60,74.3,85.1,0,1,25,50,50,2,3,3,27,1,6,6,6,0,0
서울,김원식,MF,15,1107,1,0,7,3,2,2,2,5,0,11,0,0,0,89,3,0,99,95.7,79.4,80.2,92,77.8,90.8,90.4,16.7,1,66.7,47.6,61.1,15,32,41,108,7,4,23,15,3,0
서울,김진야,MF,17,1017,0,1,7,1,2,4,4,3,2,2,0,32,8.3,72.6,7,0,94.6,68.9,69.7,59.1,82,28.6,64.8,77.5,30.8,0,36.4,3,80,11,12,38,62,2,5,10,10,0,0
서울,김한길,MF,14,211,0,0,1,1,0,0,0,1,0,3,0,11,33.3,78.2,1,0,96.6,83.3,88.9,78.6,73.3,37.5,61.9,87.5,50,0,50,350,100,1,1,16,14,0,1,0,5,0,0
서울,알리바예프,MF,9,561,0,0,8,2,3,3,1,7,0,2,0,2,66.7,82.1,3,0,90.9,90.3,76,67.7,89.1,60,81.8,85,0,3,62.9,17.1,40,4,10,40,58,1,1,8,5,2,0
서울,양유민,MF,35,137,0,0,1,0,0,1,0,1,0,2,1,5,0,70.1,1,0,87.5,80,62.5,75,73,28.6,72.2,75,33.3,0,46.2,23.1,20,0,4,10,13,0,1,2,0,0,0
서울,오스마르,MF,5,1282,1,1,18,5,5,8,6,12,0,21,0,7,0,84.2,13,0,95.6,94.8,76.2,82.9,86.3,72.2,89.4,83.9,30,1,71.2,96.2,50,23,45,80,140,4,3,16,11,4,0
서울,윤종규,MF,23,94,0,0,0,0,0,0,0,0,0,1,0,7,0,81.1,1,0,100,87,77.8,77.8,84.6,60,69.2,88.6,0,0,100,0,0,0,1,5,8,0,0,1,0,0,0
서울,정한민,MF,37,687,2,0,12,3,5,4,7,5,1,0,0,0,50,78.6,5,0,92.9,71.7,76.8,68.8,83.6,40,73.9,81.2,14.3,0,53.7,17.1,60,3,12,20,27,0,8,4,6,1,0
서울,정현철,MF,24,803,0,1,2,0,0,2,1,1,0,4,0,2,0,86.8,4,0,96.8,93.2,84.8,83.6,87.9,61.5,86.9,89.1,0,0,66.7,133.3,41.7,4,14,42,50,3,4,17,4,1,0
서울,조영욱,MF,11,865,0,0,14,2,4,8,10,4,2,0,0,3,22.2,74.8,10,0,92.1,63.9,67.8,88.2,83.7,14.3,75.8,76.8,17.2,1,35.7,35.7,50,3,6,27,57,0,9,6,19,1,0
서울,주세종,MF,16,926,0,0,3,3,0,0,1,2,0,27,26,1,33.3,82.8,9,0,98.2,87.8,62.7,87.6,88.2,64.2,85.7,89.3,25,2,35,17.5,63.6,9,13,33,82,2,4,17,12,4,0
서울,한승규,MF,66,1647,3,2,32,15,8,9,12,20,3,19,25,2,18.2,82.2,15,0,92.6,81.2,74.9,80.6,87.4,68.8,78.9,86.2,32.6,4,44.8,14.9,40,4,33,30,120,0,14,22,22,3,0
서울,한찬희,MF,25,558,1,0,14,2,4,8,4,10,1,6,6,0,50,77.2,5,0,93.7,88.1,60.8,73.3,83.7,54.8,77.4,82.6,30.8,0,61.9,23.8,85.7,7,8,32,57,0,4,8,2,0,0
서울,고요한,FW,13,312,0,0,6,2,1,3,3,3,1,0,0,1,0,84.8,2,0,100,79.1,76.5,100,88.2,71.4,75,88.4,0,0,55.6,22.2,66.7,0,1,11,13,0,5,9,8,2,0
서울,김진야,FW,17,175,0,1,0,0,0,0,0,0,0,0,0,1,33.3,68,4,0,93.8,53.8,59.4,83.3,83.3,33.3,55.6,73.7,0,0,0,33.3,0,1,2,6,9,0,0,3,1,0,0
서울,박동진,FW,50,74,1,0,2,2,0,0,0,2,1,0,0,0,50,47.1,0,0,100,40,50,0,44.4,0,0,53.3,0,0,25,100,0,1,0,0,0,0,1,0,1,0,0
서울,박주영,FW,10,1437,2,2,27,9,9,9,14,13,9,51,55,6,0,65.6,29,0,91.3,59.6,57.2,53.3,77.2,43.4,46.9,78.5,25.3,0,53.7,168.3,50,9,11,13,62,0,8,12,27,0,0
서울,아드리아노,FW,7,194,0,0,5,1,2,2,5,0,1,1,0,0,0,75.7,2,0,87.5,78.6,82.4,0,70,100,66.7,76.7,0,0,14.3,28.6,0,0,0,2,6,0,2,2,5,0,0
서울,윤주태,FW,19,702,2,1,22,7,5,10,11,11,2,1,0,1,0,80.5,4,0,90.7,77.6,79.5,75,81.2,83.3,77.8,81.2,0,0,23.5,52.9,0,3,3,9,23,0,8,8,12,0,0
서울,정한민,FW,37,63,0,0,0,0,0,0,0,0,0,0,0,0,0,90.9,0,0,100,75,85.7,0,100,100,100,87.5,0,0,33.3,0,0,1,0,8,1,0,0,1,0,0,0
서울,조영욱,FW,11,604,2,1,19,8,6,5,12,7,6,0,0,1,40,70.3,4,0,91.7,64.8,64.6,100,75.4,50,64,72.7,9.1,0,22.2,66.7,0,1,1,11,15,0,2,7,14,0,0
서울,강상희,대기,28,29,0,0,0,0,0,0,0,0,0,0,0,0,0,100,0,0,100,100,100,100,100,0,0,100,0,0,0,0,0,0,0,0,1,0,0,1,1,0,0
서울,고광민,대기,27,40,0,0,0,0,0,0,0,0,0,0,0,1,0,53.8,0,0,100,0,80,0,75,0,0,70,0,0,100,0,0,0,0,1,5,0,0,1,0,0,0
서울,고요한,대기,13,192,0,0,1,0,0,1,1,0,1,2,0,14,20,82.6,1,0,95.2,88.4,75,62.5,93,50,78.6,88,20,0,12.5,12.5,0,1,2,3,12,0,4,0,3,0,0
서울,권성윤,대기,36,70,0,0,0,0,0,0,0,0,1,0,0,0,0,88.5,0,0,100,80,91.7,66.7,90.9,100,100,83.3,100,1,33.3,50,0,1,1,3,3,0,0,1,3,0,0
서울,기성용,대기,8,144,0,0,3,0,2,1,0,3,0,4,0,0,0,91.8,0,0,92.9,100,83.3,100,93.2,80,92.6,95.3,33.3,1,66.7,33.3,100,1,1,3,9,0,0,3,4,0,0
서울,김남춘,대기,4,66,0,0,1,1,0,0,0,1,0,0,0,0,0,86.7,0,0,50,100,0,100,81.8,100,85.7,83.3,0,0,0,0,0,1,0,3,6,0,1,2,0,1,0
서울,김원균,대기,40,0,0,0,0,0,0,0,0,0,0,0,0,0,0,0,0,0,0,0,0,0,0,0,0,0,0,0,0,0,0,0,0,0,0,0,0,0,0,0,0
서울,김원식,대기,15,49,0,0,0,0,0,0,0,0,0,0,0,0,0,87.5,0,0,0,100,0,100,83.3,100,100,66.7,0,0,50,50,0,4,1,2,5,0,0,0,0,0,0
서울,김주성,대기,6,51,0,0,0,0,0,0,0,0,0,2,0,0,0,91.9,0,0,100,94.7,100,85.7,95.5,75,95,92.3,0,0,0,0,100,1,4,2,4,2,0,1,1,0,0
서울,김진야,대기,17,212,0,1,1,0,0,1,0,1,1,0,0,4,28.6,67.2,0,0,93.3,54.2,56.7,71.4,81,66.7,53.3,73,0,0,62.5,12.5,0,2,2,6,14,0,1,6,5,1,0
서울,김한길,대기,14,20,0,0,0,0,0,0,0,0,0,0,0,0,0,100,1,0,100,100,100,0,0,0,100,100,0,0,100,0,0,0,0,1,0,0,0,0,1,0,0
서울,박동진,대기,50,60,0,0,2,1,0,1,1,1,0,0,0,0,0,77.3,1,0,87.5,100,80,0,71.4,0,85.7,73.3,0,0,0,200,0,1,0,2,6,0,0,3,2,1,0
서울,박주영,대기,10,262,2,0,3,2,0,1,1,2,1,4,5,2,0,63.3,2,0,91.3,55.6,50,0,76.9,40,27.8,76.8,12.5,0,50,1150,0,3,2,3,3,0,2,4,4,0,0
서울,백종범,대기,31,0,0,0,0,0,0,0,0,0,0,0,0,0,0,0,0,0,0,0,0,0,0,0,0,0,0,0,0,0,0,0,0,0,0,0,0,0,0,0,0
서울,아드리아노,대기,7,59,0,0,2,1,0,1,0,2,0,0,0,0,0,85.7,0,0,100,75,75,0,100,0,66.7,90.9,0,0,0,0,0,0,0,1,3,0,1,2,0,0,0
서울,알리바예프,대기,9,145,0,0,1,0,1,0,1,0,0,2,0,1,66.7,80,1,0,100,80,69,66.7,89.8,46.7,91.7,84.3,0,0,66.7,0,0,2,6,2,12,0,1,2,2,0,0
서울,양유민,대기,35,41,0,0,1,0,1,0,1,0,0,0,0,2,0,73.3,1,0,100,100,87.5,50,60,0,100,72.7,100,0,100,300,75,1,0,8,3,0,0,3,0,0,0
서울,양한빈,대기,21,0,0,0,0,0,0,0,0,0,0,0,0,0,0,0,0,0,0,0,0,0,0,0,0,0,0,0,0,0,0,0,0,0,0,0,0,0,0,0,0
서울,오스마르,대기,5,12,0,0,0,0,0,0,0,0,0,0,0,0,0,66.7,0,0,100,75,0,50,83.3,0,50,71.4,0,0,0,0,0,0,1,0,2,0,0,0,0,0,0
서울,유상훈,대기,1,0,0,0,0,0,0,0,0,0,0,0,0,0,0,0,0,0,0,0,0,0,0,0,0,0,0,0,0,0,0,0,0,0,0,0,0,0,0,0,0
서울,윤종규,대기,23,0,0,0,0,0,0,0,0,0,0,0,0,0,0,0,0,0,0,0,0,0,0,0,0,0,0,0,0,0,0,0,0,0,0,0,0,0,0,0,0
서울,윤주태,대기,19,212,1,0,15,8,5,2,9,6,0,0,0,1,50,76.1,1,0,95.8,78.6,71.1,50,87.5,75,76.9,75.9,20,0,14.3,14.3,50,0,1,6,12,0,3,5,3,1,0
서울,이승재,대기,18,9,0,0,0,0,0,0,0,0,0,0,0,0,0,100,0,0,100,0,100,0,0,0,0,100,0,1,0,0,0,0,0,1,0,0,0,0,1,0,0
서울,이인규,대기,33,0,0,0,0,0,0,0,0,0,0,0,0,0,0,0,0,0,0,0,0,0,0,0,0,0,0,0,0,0,0,0,0,0,0,0,0,0,0,0,0
서울,정한민,대기,37,31,0,0,0,0,0,0,0,0,0,0,0,0,0,71.4,1,0,100,50,66.7,100,50,0,0,83.3,0,0,0,0,0,1,0,0,4,0,0,0,1,0,0
서울,정현철,대기,24,0,0,0,0,0,0,0,0,0,0,0,0,0,0,0,0,0,0,0,0,0,0,0,0,0,0,0,0,0,0,0,0,0,0,0,0,0,0,0,0
서울,조석영,대기,34,11,0,0,0,0,0,0,0,0,0,0,0,0,0,40,0,0,100,0,25,0,100,0,100,33.3,0,0,0,0,0,1,0,1,3,0,0,1,0,0,0
서울,조영욱,대기,11,104,1,0,1,1,0,0,1,0,0,0,0,0,0,79.2,3,0,80,88.9,76.5,0,85.7,0,83.3,77.8,0,0,20,60,0,1,3,8,2,0,2,2,2,1,0
서울,주세종,대기,16,141,0,1,2,0,0,2,0,2,0,3,3,0,0,83.2,5,0,100,93.5,76.5,87.5,85.5,64.5,81.1,94.7,36.4,0,40,40,100,4,2,6,19,1,3,4,3,0,0
서울,차오연,대기,20,74,0,0,0,0,0,0,0,0,0,2,0,0,0,93.9,0,0,100,100,100,100,92.3,80,95,100,0,0,0,0,0,0,1,7,4,1,0,3,1,1,0
서울,페시치,대기,72,22,0,0,0,0,0,0,0,0,0,0,0,0,0,66.7,0,0,0,100,100,0,50,0,50,100,0,0,0,300,0,0,0,0,0,0,1,0,1,0,0
서울,한승규,대기,66,126,0,0,4,1,3,0,2,2,0,0,1,0,0,87.5,1,0,95,90.9,80,100,90.9,72.7,95.8,86.5,0,0,50,12.5,0,0,0,3,15,0,1,3,2,0,0
서울,한찬희,대기,25,105,0,0,6,2,2,2,0,6,0,2,0,1,0,85.5,1,0,100,97.1,78.6,66.7,90,50,95.5,88.2,0,0,60,40,0,0,5,6,12,0,0,2,3,0,0
서울,황현수,대기,2,0,0,0,0,0,0,0,0,0,0,0,0,0,0,0,0,0,0,0,0,0,0,0,0,0,0,0,0,0,0,0,0,0,0,0,0,0,0,0,0
대구,구성윤,GK,52,1643,0,1,0,0,0,0,0,0,0,40,0,0,0,60.8,1,0,0,100,0,60.6,75,42.7,98.7,100,0,0,0,0,0,11,2,5,90,0,2,0,2,1,0
대구,최영은,GK,1,958,0,0,0,0,0,0,0,0,0,9,0,0,0,64,0,0,100,100,100,63.7,100,46,98.2,100,0,0,100,0,66.7,3,5,4,59,0,0,1,3,1,0
대구,김동진,DF,22,190,1,0,2,1,0,1,1,1,0,1,0,10,0,80.4,2,0,100,89.7,61.5,82.9,83.7,60,82.8,84.9,33.3,0,85.7,28.6,50,6,6,10,15,1,0,2,0,1,0
대구,김우석,DF,3,2325,0,0,5,0,1,4,2,3,0,31,0,31,100,83.9,3,0,98.5,90.9,68.4,81.8,86.6,54.2,88.9,88.7,19,1,70.5,85.2,54.5,54,38,145,189,4,6,23,23,5,0
대구,김재우,DF,6,767,0,0,1,0,0,1,1,0,1,5,0,2,0,88.3,0,0,91.7,97.9,60,82.5,93.4,74,91.7,90,0,0,77.8,177.8,20,25,8,42,51,6,2,6,2,3,0
대구,정태욱,DF,4,2569,1,0,16,3,2,11,13,3,0,42,0,3,50,86.6,3,0,98.5,94.8,66.2,86.7,89.2,69.9,91.5,86.3,33.3,0,78.6,212.5,40,102,58,166,227,17,9,37,18,3,0
대구,조진우,DF,66,1483,0,0,5,0,1,4,4,1,0,9,0,9,0,88,1,0,97.1,95.4,75,85.8,90.4,78.8,88.3,90.3,0,0,82.8,193.1,62.5,49,23,105,109,12,1,14,2,5,0
대구,홍정운,DF,5,295,0,0,3,1,1,1,3,0,0,9,0,2,0,84.2,0,0,100,93,50,90.2,83.2,58.6,90.3,89.6,0,0,66.7,111.1,66.7,6,5,16,33,1,0,7,1,2,0
대구,김동진,MF,22,455,0,0,0,0,0,0,0,0,0,2,0,30,0,84.4,1,0,94.5,80.2,78.5,88.2,87.5,40,73.2,92.9,7.1,0,57.9,42.1,60,5,6,18,25,1,0,6,8,0,0
대구,김선민,MF,8,1204,0,0,4,2,1,1,1,3,1,4,0,2,100,91.8,2,0,100,97,90.7,80,94.8,83.1,93.8,92.7,0,0,75.6,15.6,33.3,14,24,85,113,3,7,41,7,2,1
대구,김재우,MF,6,95,0,0,0,0,0,0,0,0,1,0,0,5,0,76.3,0,0,100,75,50,55.6,95.2,40,82.4,81.2,0,0,100,40,50,1,1,6,6,0,0,2,0,1,0
대구,류재문,MF,29,1212,2,0,18,5,3,10,11,7,1,2,1,1,50,87.3,4,0,98,95.1,79.7,84.5,89.8,77.6,90.3,87.3,33.3,0,48.9,37.8,22.2,13,24,47,88,2,5,23,15,3,0
대구,박한빈,MF,45,731,1,1,12,3,5,4,5,7,0,0,0,2,20,82.2,7,0,94.9,81.7,73.6,73.2,87.7,56.2,79.1,87.6,0,2,52.4,14.3,71.4,2,10,35,44,1,9,21,10,2,0
대구,신창무,MF,7,1086,0,0,7,3,1,3,2,5,1,12,0,79,60,72.7,6,0,96.7,68.1,60.2,70.2,80,32.1,71.1,81,11.6,1,61.1,41.7,60,21,13,61,75,1,10,20,7,3,0
대구,윤종태,MF,30,101,0,0,1,0,0,1,0,1,0,0,0,0,0,80,0,0,100,72.7,50,100,81.5,0,88.9,76.9,0,0,28.6,7.1,0,0,1,5,7,0,1,4,1,0,0
대구,이진현,MF,77,238,0,0,2,1,1,0,1,1,0,4,5,0,66.7,81.1,5,0,97.1,81.2,66.7,90.9,86,69,80,86.5,18.2,0,38.9,16.7,33.3,1,3,12,17,1,0,4,3,1,0
대구,정승원,MF,18,2244,0,7,19,3,9,7,5,14,1,21,0,205,21.4,73.8,25,0,97.2,76.3,69.2,65.7,80.6,48,68.4,79.9,22.3,0,57.1,19.5,40.9,26,40,90,201,7,17,28,25,5,0
대구,츠바사,MF,44,1636,0,3,9,2,1,6,5,4,1,8,0,4,40,81,16,0,96.6,84,68.6,82.7,85.5,67.2,83.9,81.4,4.5,0,55.4,32.1,50,7,38,70,159,0,9,22,25,2,0
대구,황순민,MF,20,709,0,0,6,1,2,3,2,4,1,2,2,69,25,81.3,2,0,98.3,81.4,66.7,76.9,88.3,61.1,71.3,88.2,13,0,35.3,17.6,33.3,10,10,25,72,0,4,9,5,0,0
대구,황태현,MF,2,86,0,0,1,0,1,0,0,1,0,0,0,9,0,70,1,0,100,66.7,63.6,50,76.9,71.4,46.2,80,33.3,0,40,20,0,1,1,6,5,0,0,2,1,0,0
대구,고재현,FW,17,46,0,0,0,0,0,0,0,0,0,0,0,0,0,50,0,0,0,66.7,33.3,0,100,0,0,50,0,0,25,0,0,0,1,1,0,0,1,3,1,0,0
대구,김대원1,FW,14,1682,3,3,38,9,18,11,18,20,3,11,19,5,33.3,69.5,27,0,92.6,65.4,64.7,51,79.9,52.1,60.9,76.1,25.8,1,37.3,3.9,0,7,22,36,88,0,18,12,10,2,0
대구,데얀,FW,27,1029,7,3,32,17,9,6,22,10,5,1,0,1,0,75.5,8,0,94.4,80.5,74.7,73.3,76.2,58.3,60,80.5,33.3,0,33.3,138.9,50,10,6,16,37,0,13,9,4,0,0
대구,세징야,FW,11,2350,18,4,100,36,26,38,41,59,7,84,93,12,26.9,77.9,71,0,94.9,75.6,66.4,84.1,87.5,62.4,78.2,83.3,29.2,3,32.8,11.5,0,12,18,34,118,1,26,26,56,2,0
대구,신창무,FW,7,47,0,0,1,0,0,1,1,0,0,0,0,0,0,71.4,1,0,80,75,25,0,90,100,66.7,71.4,0,0,50,50,0,0,0,2,5,0,1,1,0,0,0
대구,에드가,FW,9,1036,3,2,43,12,8,23,41,2,9,0,0,0,66.7,69.9,14,0,88.9,72.2,66.9,50,73.3,60.9,69.1,71,18.2,2,41.9,264.5,0,10,2,14,40,1,13,27,21,2,0
대구,이진현,FW,77,94,0,0,0,0,0,0,0,0,0,1,1,0,0,61.8,2,0,100,63.2,30.8,50,88.2,33.3,70,61.9,22.2,0,0,133.3,0,1,1,3,7,0,1,2,2,0,0
대구,고태규,대기,55,0,0,0,0,0,0,0,0,0,0,0,0,0,0,0,0,0,0,0,0,0,0,0,0,0,0,0,0,0,0,0,0,0,0,0,0,0,0,0,0
대구,구성윤,대기,52,0,0,0,0,0,0,0,0,0,0,0,0,0,0,0,0,0,0,0,0,0,0,0,0,0,0,0,0,0,0,0,0,0,0,0,0,0,0,0,0
대구,김대원1,대기,14,247,0,1,7,4,2,1,3,4,0,0,0,1,0,83.2,6,0,95.5,84.2,80.6,60,87.9,60,91.9,82.1,16.7,1,37.5,0,0,1,5,7,13,0,2,3,1,0,0
대구,김동진,대기,22,99,0,0,0,0,0,0,0,0,1,0,0,4,0,84.6,0,0,100,87.5,68.8,83.3,100,66.7,80,87.1,25,0,0,50,0,0,1,3,3,0,1,4,1,1,0
대구,김선민,대기,8,24,0,0,0,0,0,0,0,0,0,0,0,0,0,95.2,0,0,100,100,100,80,100,80,100,100,0,0,100,0,33.3,0,4,1,3,0,0,1,0,0,0
대구,김우석,대기,3,0,0,0,0,0,0,0,0,0,0,0,0,0,0,0,0,0,0,0,0,0,0,0,0,0,0,0,0,0,0,0,0,0,0,0,0,0,0,0,0
대구,김재우,대기,6,115,0,0,0,0,0,0,0,0,0,2,0,0,0,90.6,0,0,100,100,0,87.5,93.8,80,100,88.9,0,0,100,100,66.7,6,1,8,7,4,1,1,0,0,0
대구,데얀,대기,27,374,2,0,18,8,7,3,13,5,4,1,0,2,0,81.8,4,0,92.5,72.3,79.1,100,84.3,80,73.7,83.5,0,3,25,41.7,0,3,0,3,9,0,0,2,4,0,0
대구,류재문,대기,29,103,0,0,1,0,1,0,0,1,0,0,0,0,0,81.8,0,0,87.5,100,55.6,80,90,83.3,75,84.6,0,0,0,66.7,0,0,0,5,10,0,0,1,2,0,0
대구,박민서,대기,16,0,0,0,0,0,0,0,0,0,0,0,0,0,0,0,0,0,0,0,0,0,0,0,0,0,0,0,0,0,0,0,0,0,0,0,0,0,0,0,0
대구,신창무,대기,7,83,0,0,1,0,1,0,0,1,1,1,2,9,0,72.5,2,0,100,62.5,65.5,100,80,25,72.7,77.8,16.7,0,0,33.3,0,1,0,2,7,0,0,3,1,0,0
대구,에드가,대기,9,143,2,1,11,3,1,7,9,2,1,0,0,0,0,70.4,3,0,100,76.5,66.7,100,72,100,81.8,65.9,50,0,42.9,242.9,0,2,2,1,5,0,5,4,4,1,0
대구,오후성,대기,13,155,0,0,2,1,1,0,0,2,0,0,0,1,0,83.8,2,0,93.3,88.2,70.3,100,97.2,75,77.8,86.5,50,1,42.9,0,0,0,3,3,10,0,1,0,3,0,0
대구,윤종태,대기,30,29,0,0,2,1,1,0,1,1,0,0,0,1,100,83.3,0,0,100,100,66.7,0,100,0,50,100,0,0,0,0,0,0,1,0,1,0,1,1,1,0,0
대구,이준희,대기,25,0,0,0,0,0,0,0,0,0,0,0,0,0,0,0,0,0,0,0,0,0,0,0,0,0,0,0,0,0,0,0,0,0,0,0,0,0,0,0,0
대구,이진용,대기,26,0,0,0,0,0,0,0,0,0,0,0,0,0,0,0,0,0,0,0,0,0,0,0,0,0,0,0,0,0,0,0,0,0,0,0,0,0,0,0,0
대구,이진현,대기,77,491,1,0,13,5,5,3,6,7,3,2,3,3,0,78.5,5,0,92.3,77.5,60.8,91.7,89.6,68.3,78.3,81.8,22.2,0,45,20,28.6,4,7,19,45,0,4,11,11,2,0
대구,장성원,대기,38,53,0,0,0,0,0,0,0,0,0,0,0,4,0,79.2,1,0,100,50,75,100,80,50,85.7,80,0,0,0,0,0,1,0,3,3,0,0,2,0,0,0
대구,정승원,대기,18,105,0,0,0,0,0,0,0,0,0,1,0,6,0,73.4,2,0,100,68.4,73.1,87.5,70,50,80,75.6,50,0,50,16.7,0,2,5,4,11,0,0,1,2,0,0
대구,정치인,대기,32,40,0,0,0,0,0,0,0,0,0,0,0,0,0,66.7,1,0,100,40,60,0,100,100,66.7,60,0,0,0,50,0,0,0,0,5,0,1,3,0,0,0
대구,조진우,대기,66,19,0,0,0,0,0,0,0,0,0,0,0,0,0,66.7,0,0,0,100,0,100,0,0,100,50,0,0,0,0,0,0,0,0,2,0,0,0,0,0,0
대구,최영은,대기,1,0,0,0,0,0,0,0,0,0,0,0,0,0,0,0,0,0,0,0,0,0,0,0,0,0,0,0,0,0,0,0,0,0,0,0,0,0,0,0,0
대구,츠바사,대기,44,118,0,0,1,0,0,1,1,0,0,0,0,1,0,83.9,0,0,100,89.7,81.2,88.9,83.8,0,75,87,0,0,50,0,100,1,2,6,7,0,2,0,1,0,0
대구,하명래,대기,31,0,0,0,0,0,0,0,0,0,0,0,0,0,0,0,0,0,0,0,0,0,0,0,0,0,0,0,0,0,0,0,0,0,0,0,0,0,0,0,0
대구,황순민,대기,20,0,0,0,0,0,0,0,0,0,0,0,0,0,0,0,0,0,0,0,0,0,0,0,0,0,0,0,0,0,0,0,0,0,0,0,0,0,0,0,0
대구,황태현,대기,2,23,0,0,0,0,0,0,0,0,0,0,0,1,0,70,0,0,100,25,62.5,0,100,0,50,75,0,0,0,0,0,0,0,1,2,0,0,1,0,0,0
인천,김동헌,GK,31,289,0,0,0,0,0,0,0,0,0,7,0,0,0,35.5,0,0,0,100,0,35.5,0,26.9,100,100,0,0,0,0,0,3,0,1,17,0,0,0,1,0,0
인천,이태희,GK,21,1156,0,0,0,0,0,0,0,0,0,49,0,0,0,43,0,0,0,100,0,43.2,0,31.9,96.2,100,0,0,100,0,0,11,2,6,59,0,1,0,5,2,0
인천,정산,GK,1,1150,0,0,0,0,0,0,0,0,0,36,0,0,0,58.3,0,0,0,97.8,0,58.5,0,36.7,98.5,97.5,0,0,66.7,0,71.4,8,4,12,56,0,0,0,0,0,0
인천,강윤구,DF,16,421,0,0,0,0,0,0,0,0,0,7,1,37,0,78.7,0,0,98.1,85.7,66.7,64.4,88.3,52.6,72.1,87,0,0,37.5,12.5,100,10,5,17,22,1,0,4,5,1,0
인천,김성주,DF,22,96,0,0,0,0,0,0,0,0,0,0,0,5,0,95,1,0,100,100,100,100,91.9,87.5,87.5,100,100,0,100,0,50,0,1,4,4,1,0,1,0,0,0
인천,김연수,DF,23,1463,0,0,1,0,0,1,1,0,0,22,0,3,0,85.1,1,0,96.3,95.6,50,85,86.3,57.8,90.1,86.5,0,0,66.7,196.7,71.4,59,31,94,128,17,3,18,12,2,0
인천,김정호,DF,44,914,0,0,4,0,1,3,3,1,0,13,0,1,0,84.5,6,0,100,95.5,60.9,79.4,89.9,60,89,89.4,0,0,61.5,207.7,40,15,8,41,75,4,6,12,5,4,0
인천,김준엽,DF,17,96,0,1,0,0,0,0,0,0,0,1,0,5,0,74.5,1,0,100,72.2,70.6,71.4,77.8,40,80,77.8,20,0,66.7,0,100,2,1,3,7,1,1,1,1,0,0
인천,문지환,DF,4,671,0,0,3,0,1,2,2,1,0,9,0,1,0,87.2,1,0,88.9,97.7,44.4,86.7,90.6,76.8,91.8,85.6,33.3,0,72.7,200,50,27,11,33,54,7,1,5,5,1,0
인천,박대한,DF,66,98,0,0,1,1,0,0,1,0,0,0,0,9,0,88.4,0,0,100,88.9,75,100,91.8,20,83.3,97.8,0,0,100,0,0,2,0,2,14,0,3,1,0,0,0
인천,양준아,DF,14,1729,0,0,4,3,0,1,3,1,0,41,0,6,0,82.4,1,0,97.6,96.6,63.6,82.1,83.8,46,88.4,90.4,0,0,66.7,325,40,56,25,71,150,9,1,15,4,4,0
인천,오반석,DF,26,1208,0,0,7,1,0,6,7,0,0,29,0,2,0,85.3,0,0,98,96.2,28.6,83.8,87.5,38.6,86.3,93.7,0,0,75,155.6,56.4,40,25,87,91,16,1,10,10,3,0
인천,이재성,DF,15,864,0,0,1,0,0,1,1,0,1,32,0,0,0,84.2,1,0,100,97,60,84.7,84.3,59.2,93.5,90.1,0,0,100,533.3,55,29,29,42,55,10,2,12,5,2,0
인천,정동윤,DF,32,673,0,0,4,2,2,0,2,2,0,4,0,48,0,82,1,0,95.5,80.4,70.7,75.6,88.6,60.9,79.4,86,16.7,0,62.5,81.2,100,16,16,42,46,1,2,9,10,2,0
인천,강윤구,MF,16,322,0,0,0,0,0,0,0,0,0,1,0,24,0,75,3,0,100,79.4,65.6,60,84.6,21.4,57.1,90.1,30.8,0,40,120,0,4,2,17,18,1,3,5,6,0,0
인천,김도혁,MF,7,2034,2,3,24,6,5,13,2,22,1,29,13,1,30,78.3,14,0,94.5,85.8,71.5,68.9,82.5,51.3,77.6,85.2,22,3,47.5,29.7,40.7,25,51,106,257,4,12,32,56,2,0
인천,김성주,MF,22,967,0,0,11,3,2,6,1,10,0,44,21,76,25,71,13,0,97.8,73.8,56.8,63.1,79.7,41.2,75.2,85.9,31.6,0,77.8,38.9,42.9,8,10,29,64,1,2,6,16,0,0
인천,김준범,MF,13,1031,1,1,10,3,5,2,4,6,3,5,0,0,0,84.1,9,0,94.3,88.1,78.3,77.4,89,70.4,80.2,86.6,30.8,0,46.2,41,57.1,7,16,51,84,2,9,18,14,3,0
인천,김준엽,MF,17,1283,0,2,2,1,0,1,0,2,1,5,0,116,28.6,76,16,0,97.4,76.4,71.3,70.8,80.4,45.1,69.1,82.1,25.5,1,68.9,37.8,41.7,22,29,52,98,2,9,14,10,2,0
인천,김호남,MF,11,132,0,0,1,1,0,0,0,1,0,1,1,3,50,62.2,0,0,93.3,46.2,38.5,63.6,76.2,66.7,43.8,73.1,25,0,50,50,100,1,0,8,6,0,2,2,0,0,0
인천,마하지,MF,5,377,0,0,0,0,0,0,0,0,0,5,0,1,0,88,1,0,100,90.8,62.5,90,89.1,75,92.5,88.9,0,1,78.6,21.4,70.6,2,7,20,25,0,0,7,5,2,0
인천,문지환,MF,4,904,0,0,1,0,1,0,0,1,1,3,0,2,33.3,87.7,1,0,98.9,95.1,68.9,86.6,90.6,61.4,89.7,92.5,0,0,54.8,33.3,53.8,19,19,39,94,4,1,22,17,3,0
인천,송시우,MF,19,62,0,0,0,0,0,0,0,0,0,0,0,0,0,69.2,0,0,100,71.4,60,50,83.3,100,66.7,66.7,0,0,0,100,0,1,1,2,0,0,0,2,0,2,0
인천,아길라르,MF,10,431,1,0,14,4,4,6,2,12,0,20,3,4,33.3,74.8,7,0,94.2,80.8,65.5,92.9,76.6,54.8,69.1,84.6,12.5,2,52,12,0,1,2,5,29,0,5,12,10,1,0
인천,안진범,MF,8,82,0,0,0,0,0,0,0,0,0,1,1,0,0,82.4,2,0,90.9,81.8,73.3,100,88.9,100,92.3,75,33.3,1,100,200,0,1,0,2,6,0,1,1,3,0,0
인천,이우혁,MF,24,448,0,0,2,0,0,2,1,1,0,10,1,0,0,88.9,0,0,96.5,93.7,50,89.1,91.5,83.8,90.9,89.1,0,1,23.1,61.5,60,5,7,25,46,3,2,9,1,0,0
인천,이준석,MF,29,195,0,0,1,0,0,1,1,0,0,0,0,0,80,71.8,1,0,87.5,60,66.7,100,70.6,0,100,73.9,0,0,37.5,37.5,0,4,3,4,7,0,3,2,4,0,0
인천,이호석,MF,30,52,0,0,0,0,0,0,0,0,0,0,0,0,0,75,0,0,100,100,66.7,0,80,0,100,75,0,0,50,0,0,0,1,1,1,0,0,3,0,0,0
인천,임은수,MF,6,326,0,0,3,0,1,2,1,2,0,1,0,0,0,83.1,1,0,100,88.6,41.7,66.7,92,69.2,79.1,87.5,50,0,50,166.7,22.2,5,7,18,24,2,1,6,7,2,0
인천,정동윤,MF,32,1129,1,2,6,2,1,3,3,3,1,8,0,94,28.6,81.7,10,0,96.9,85.1,76.6,75.7,87,50,78.1,87.4,18.2,1,50,18.8,35.7,8,27,43,78,2,5,16,22,2,1
인천,지언학,MF,27,668,1,1,11,2,8,1,9,2,1,1,0,1,50,78.2,5,0,98.3,72.4,77,68.2,81.4,27.3,81.6,81.2,16.7,0,28.6,25.7,0,0,12,19,52,0,6,2,19,0,0
인천,최범경,MF,40,64,0,0,0,0,0,0,0,0,0,0,0,0,0,78.9,1,0,80,100,50,66.7,85.7,0,100,77.8,0,0,0,0,0,0,1,1,5,1,1,0,2,0,0
인천,김준범,FW,13,198,0,0,2,0,2,0,1,1,0,0,0,0,50,68.5,3,0,76.9,81.8,50,78.6,73.1,75,66.7,68.8,50,0,37.5,25,0,1,6,9,14,0,0,2,3,0,0
인천,김호남,FW,11,590,2,0,14,8,1,5,4,10,1,0,7,0,20,82.7,1,0,93.3,75,65.1,92.3,94.5,58.3,78.6,87,13.3,0,18.2,27.3,0,2,5,10,36,0,5,10,10,0,0
인천,무고사,FW,9,2073,12,2,85,25,21,39,60,25,7,4,0,2,37.5,69.1,6,0,87.7,73,59.4,66.7,73.6,60.7,70,69.5,42.9,1,43.6,174.4,57.1,22,10,23,58,0,16,16,30,1,0
인천,송시우,FW,19,165,0,0,1,0,0,1,1,0,0,0,0,1,0,78,2,0,92.9,82.8,69.6,100,82.6,0,81.8,83.3,0,0,25,0,0,0,2,1,5,0,4,1,2,0,0
인천,아길라르,FW,10,946,1,3,15,7,3,5,2,13,1,53,40,5,15.4,76.3,20,0,93.1,76.1,59.9,86,84.2,61.3,73.1,84.2,25,3,47.1,21.4,50,2,11,15,52,1,11,15,25,3,0
인천,이종욱,FW,35,60,0,0,1,1,0,0,1,0,2,0,0,0,0,55.6,0,0,0,75,66.7,0,50,100,0,66.7,50,0,0,0,0,0,0,1,1,0,3,2,2,0,0
인천,이준석,FW,29,176,0,1,0,0,0,0,0,0,1,0,0,0,0,69,1,0,82.6,50,68.4,100,65,50,77.8,67.7,25,0,16.7,100,0,0,1,4,5,0,2,2,2,0,0
인천,지언학,FW,27,400,1,0,2,1,0,1,1,1,7,1,0,0,0,79.2,1,0,97.6,71.4,73.3,85.7,82,16.7,70.6,84.5,0,0,41.7,41.7,0,0,3,3,22,0,7,3,10,0,0
인천,최범경,FW,40,73,0,0,2,1,0,1,1,1,0,0,0,0,0,92.6,0,0,100,83.3,100,100,81.8,0,100,92.3,0,0,0,0,0,1,0,5,1,0,0,0,3,0,0
인천,케힌데,FW,10,102,0,0,1,0,0,1,1,0,0,0,0,0,50,60,1,0,77.8,75,60,100,57.1,100,60,57.9,0,1,26.7,53.3,0,3,0,2,9,0,2,1,3,0,0
인천,강윤구,대기,16,107,0,0,1,0,0,1,1,0,0,3,0,5,0,53.8,0,0,100,71.4,33.3,62.5,58.3,25,40,64.7,0,0,100,300,0,1,0,6,8,0,2,4,2,1,0
인천,구스타보,대기,97,39,0,0,0,0,0,0,0,0,0,0,0,0,0,50,1,0,100,100,50,0,50,0,0,75,0,0,0,0,0,1,1,0,1,0,1,1,0,1,0
인천,김대중,대기,50,119,1,0,2,1,0,1,2,0,2,0,0,0,0,43.8,1,0,0,50,35.7,100,35.7,0,53.8,41.2,0,1,40,170,0,2,0,4,8,0,1,1,0,0,0
인천,김도혁,대기,7,0,0,0,0,0,0,0,0,0,0,0,0,0,0,0,0,0,0,0,0,0,0,0,0,0,0,0,0,0,0,0,0,0,0,0,0,0,0,0,0
인천,김동헌,대기,31,0,0,0,0,0,0,0,0,0,0,0,0,0,0,0,0,0,0,0,0,0,0,0,0,0,0,0,0,0,0,0,0,0,0,0,0,0,0,0,0
인천,김민석,대기,36,0,0,0,0,0,0,0,0,0,0,0,0,0,0,0,0,0,0,0,0,0,0,0,0,0,0,0,0,0,0,0,0,0,0,0,0,0,0,0,0
인천,김성주,대기,22,96,0,0,1,0,1,0,1,0,0,4,0,4,0,86.4,1,0,100,82.4,76.2,85.7,93.5,50,84.2,100,25,0,0,0,0,2,0,4,3,0,0,2,0,0,0
인천,김연수,대기,23,0,0,0,0,0,0,0,0,0,0,0,0,0,0,0,0,0,0,0,0,0,0,0,0,0,0,0,0,0,0,0,0,0,0,0,0,0,0,0,0
인천,김유성,대기,41,0,0,0,0,0,0,0,0,0,0,0,0,0,0,0,0,0,0,0,0,0,0,0,0,0,0,0,0,0,0,0,0,0,0,0,0,0,0,0,0
인천,김정호,대기,44,48,0,0,0,0,0,0,0,0,0,0,0,0,0,70,1,0,100,50,50,0,100,0,100,66.7,0,0,0,0,0,0,0,0,2,0,0,1,0,0,0
인천,김준범,대기,13,37,0,0,0,0,0,0,0,0,0,1,0,0,0,94.1,0,0,80,100,66.7,100,100,0,100,93.3,0,0,100,0,100,1,0,3,4,0,0,2,1,1,0
인천,김채운,대기,3,0,0,0,0,0,0,0,0,0,0,0,0,0,0,0,0,0,0,0,0,0,0,0,0,0,0,0,0,0,0,0,0,0,0,0,0,0,0,0,0
인천,김호남,대기,11,147,0,0,4,0,1,3,3,1,1,0,2,1,0,73.8,2,0,85.7,73.7,56.2,75,86.4,50,60,78.8,16.7,0,50,50,50,1,1,3,9,0,0,3,2,1,1
인천,마하지,대기,5,91,0,0,0,0,0,0,0,0,0,1,0,0,0,84,1,0,100,90,50,100,87.5,100,88.9,78.6,0,0,60,20,100,1,0,7,11,1,0,2,3,1,0
인천,무고사,대기,9,13,0,0,0,0,0,0,0,0,0,0,0,0,0,33.3,0,0,100,0,0,0,50,0,0,50,0,0,0,0,0,0,0,0,1,0,0,0,0,0,0
인천,문지환,대기,4,63,0,0,1,0,0,1,0,1,0,1,0,0,0,64.7,0,0,0,71.4,0,100,61.5,0,66.7,75,0,0,0,0,0,0,1,4,8,0,0,0,4,0,0
인천,박대한,대기,66,64,0,0,0,0,0,0,0,0,0,2,0,4,0,92.9,2,0,100,100,100,80,91.7,0,85.7,100,50,0,0,0,100,3,1,2,8,0,0,0,2,0,0
인천,부노자,대기,20,10,0,0,0,0,0,0,0,0,0,0,0,0,0,100,0,0,0,100,0,100,100,0,100,100,0,0,0,0,0,1,0,1,0,0,0,0,0,0,0
인천,송시우,대기,19,892,2,2,18,7,6,5,14,4,3,1,0,0,33.3,81.1,9,0,93.1,78.3,79.5,81.2,83.8,83.3,82.8,80.7,0,0,38.3,25.5,100,3,5,14,43,1,13,17,38,3,0
인천,아길라르,대기,10,24,0,0,2,0,2,0,0,2,0,2,1,0,0,78.6,0,0,100,80,60,0,100,66.7,50,88.9,0,0,66.7,0,0,0,0,1,1,0,0,1,0,0,0
인천,안진범,대기,8,28,0,0,0,0,0,0,0,0,0,0,0,0,0,71.4,0,0,100,100,66.7,50,85.7,0,80,85.7,0,0,0,0,0,0,0,3,2,0,0,1,0,0,0
인천,양준아,대기,14,0,0,0,0,0,0,0,0,0,0,0,0,0,0,0,0,0,0,0,0,0,0,0,0,0,0,0,0,0,0,0,0,0,0,0,0,0,0,0,0
인천,오반석,대기,26,13,0,0,0,0,0,0,0,0,0,0,0,0,0,100,0,0,0,100,0,0,100,0,100,0,0,0,0,0,0,0,0,1,0,0,0,0,0,0,0
인천,이우혁,대기,24,85,0,0,1,1,0,0,1,0,0,0,0,1,0,72.5,1,0,100,86.4,60,100,71.4,42.9,75,79.2,0,1,66.7,0,0,0,3,4,14,0,0,3,1,1,0
인천,이제호,대기,25,6,0,0,0,0,0,0,0,0,0,0,0,0,0,50,0,0,0,100,0,0,100,0,0,100,0,0,100,0,50,1,0,3,1,0,1,1,0,0,1
인천,이종욱,대기,35,0,0,0,0,0,0,0,0,0,0,0,0,0,0,0,0,0,0,0,0,0,0,0,0,0,0,0,0,0,0,0,0,0,0,0,0,0,0,0,0
인천,이준석,대기,29,50,0,0,1,0,1,0,1,0,0,0,0,0,0,62.5,0,0,100,57.1,55.6,100,60,100,33.3,66.7,0,0,33.3,66.7,0,0,1,4,6,0,0,2,1,0,0
인천,이태희,대기,21,0,0,0,0,0,0,0,0,0,0,0,0,0,0,0,0,0,0,0,0,0,0,0,0,0,0,0,0,0,0,0,0,0,0,0,0,0,0,0,0
인천,이호석,대기,30,43,0,0,0,0,0,0,0,0,0,0,0,0,0,75,1,0,80,77.8,70,100,75,0,50,88.2,0,0,0,0,0,0,1,1,2,0,2,2,1,0,0
인천,임은수,대기,6,8,0,0,0,0,0,0,0,0,0,0,0,0,0,33.3,0,0,0,0,0,0,33.3,0,100,0,0,0,0,0,0,0,0,0,0,0,0,0,0,0,0
인천,정동윤,대기,32,41,0,0,0,0,0,0,0,0,0,3,0,8,0,86.7,0,0,100,83.3,40,100,94.7,100,90,83.3,0,0,50,0,0,0,1,1,5,0,0,3,1,0,0
인천,정산,대기,1,0,0,0,0,0,0,0,0,0,0,0,0,0,0,0,0,0,0,0,0,0,0,0,0,0,0,0,0,0,0,0,0,0,0,0,0,0,0,0,0
인천,정창용,대기,39,22,0,0,1,0,1,0,0,1,0,0,0,0,0,44.4,0,0,100,100,50,0,0,0,0,57.1,0,0,100,100,0,0,0,1,4,0,0,0,0,0,0
인천,지언학,대기,27,103,0,0,2,0,2,0,2,0,0,0,0,3,0,63,0,0,85.7,50,46.2,0,84.6,50,57.1,66.7,0,0,33.3,33.3,0,0,0,2,7,0,2,1,1,0,0
인천,최범경,대기,40,123,0,0,2,0,0,2,2,0,0,0,1,1,0,82.1,1,0,95,83.3,80,75,87.5,25,83.3,87.5,0,0,50,100,0,0,0,7,8,0,2,1,3,1,0
인천,케힌데,대기,10,31,0,0,0,0,0,0,0,0,0,0,0,0,0,30.8,1,0,50,0,50,0,22.2,0,0,36.4,0,0,50,250,0,0,1,0,1,0,0,1,2,0,0
강원,이광연,GK,1,1050,0,0,0,0,0,0,0,0,0,24,0,0,0,74.4,0,0,0,100,0,74.3,100,39.8,100,100,0,0,0,0,0,12,3,5,58,0,1,0,0,0,0
강원,이범수,GK,25,1527,0,0,0,0,0,0,0,0,0,39,0,0,0,76.7,0,0,0,100,0,76.8,50,39.8,97.5,98.6,0,0,0,0,0,21,10,9,96,0,0,1,2,1,0
강원,김영빈,DF,2,2447,1,0,13,6,1,6,8,5,1,33,0,29,0,91.4,6,0,98.3,97,83.6,91,92.4,69.2,93.9,93.3,25,0,61.4,168.2,28.6,47,46,140,212,7,5,33,19,6,0
강원,김오규,DF,99,284,0,0,1,0,0,1,0,1,0,4,0,0,0,86.7,1,0,100,96.9,40,86.7,88.2,55,90.7,96.4,0,0,62.5,150,42.9,5,9,20,38,0,2,4,1,0,0
강원,신광훈,DF,17,1626,0,2,1,0,0,1,0,1,0,39,0,137,50,86.2,8,0,97.9,93.5,78.3,78.8,90.8,62.3,86.6,92.4,18.8,4,48.6,97.3,58.3,27,18,94,137,2,2,25,21,4,0
강원,신세계,DF,3,1385,0,0,3,1,1,1,0,3,0,22,0,91,100,83.7,2,0,99.6,96.3,83.9,66.7,87.7,56.2,81.4,91,12.5,0,78.6,107.1,37.5,33,27,63,130,6,5,26,12,4,0
강원,이호인,DF,4,444,1,0,5,1,3,1,1,4,0,6,0,5,0,87.8,1,0,97.3,99.2,76,89.1,88.6,35.5,94.1,92.4,0,0,28.6,185.7,100,12,4,23,54,2,0,3,2,0,0
강원,임채민,DF,26,2481,1,0,13,4,3,6,7,6,0,68,0,7,0,90.6,2,0,98.3,97.8,73.2,89.9,91.7,66.4,95.5,93.5,0,1,67.4,178.3,62.5,119,34,130,193,16,7,24,32,7,0
강원,조재완,DF,18,190,1,0,6,1,3,2,6,0,0,0,0,16,100,86.7,5,0,97.2,81.6,83.3,90,91.4,80,87.1,87,44.4,0,25,25,50,4,1,2,10,0,1,2,1,0,0
강원,채광훈,DF,19,532,1,1,5,2,2,1,2,3,0,15,26,49,0,71.8,6,0,98.1,53.8,60.8,63.3,86.2,33.3,62.7,86,18,0,50,14.3,100,10,11,40,35,0,8,8,7,0,0
강원,고무열,MF,10,406,3,0,7,4,2,1,4,3,1,0,0,0,0,80.5,6,0,95.5,75.3,74.4,77.8,84.8,72.7,86.8,79,20,0,28.6,100,50,2,2,7,21,1,2,5,7,0,0
강원,김경중,MF,66,486,0,0,5,2,1,2,2,3,1,3,0,28,40,79.9,1,0,100,70.3,76.1,81.5,85,30.8,68.1,90.1,8.7,0,35.3,29.4,0,7,13,18,26,1,4,9,11,2,0
강원,김수범,MF,28,286,1,0,5,1,0,4,3,2,0,1,0,9,66.7,74.4,2,0,100,75,69.8,61.5,83.7,55.6,77.8,75,20,0,85.7,71.4,0,9,2,11,27,0,1,2,4,0,0
강원,김지현,MF,9,98,1,0,2,1,1,0,2,0,0,0,0,0,0,81.5,1,0,92.3,57.1,85.7,0,88.9,0,71.4,85,0,0,60,80,0,0,1,4,2,0,0,0,2,0,0
강원,서민우,MF,22,158,0,0,1,0,0,1,1,0,1,1,0,0,0,73.8,1,0,89.5,81.8,55.6,100,80.5,0,78.9,76.9,0,0,41.7,16.7,0,0,3,5,8,0,1,3,3,0,0
강원,신광훈,MF,17,381,0,0,2,0,1,1,1,1,1,10,0,42,50,72,0,0,100,78.8,61.9,64.9,78.1,55.3,63.2,83.5,10.5,0,40,140,25,8,8,11,28,2,1,6,5,1,0
강원,신세계,MF,3,192,0,0,5,1,3,1,2,3,1,1,0,5,0,85.4,1,0,100,86.7,89.5,73.3,86,50,86,93.8,33.3,0,0,0,66.7,7,4,3,11,0,1,8,1,1,0
강원,이영재,MF,34,880,0,1,22,6,8,8,5,17,0,24,37,4,25,80.6,14,0,97.4,80.8,69.5,80.6,88,61,80.7,86.5,16.7,2,48.6,20,0,6,14,29,84,1,5,11,10,2,0
강원,이재권,MF,8,958,1,2,4,1,1,2,2,2,1,16,0,4,0,84.9,11,0,97,93,77.1,76.6,88,72.9,86.4,85.5,20,0,62.7,23.5,27.3,14,19,41,102,1,6,31,17,4,0
강원,이현식,MF,29,765,0,1,8,0,4,4,4,4,3,10,0,7,100,82.7,10,0,95.3,87.7,80.5,81.8,85,62.5,81.9,84.5,20,0,48.7,20.5,50,1,19,30,44,1,8,17,32,3,0
강원,정지용,MF,15,70,0,0,2,1,0,1,2,0,0,0,0,0,0,89.5,2,0,100,75,83.3,100,91.7,0,100,84.6,0,0,66.7,66.7,0,1,0,3,4,0,0,2,2,0,0
강원,조재완,MF,18,565,3,1,20,6,7,7,15,5,0,2,11,2,0,78.8,7,0,97,71.2,73.8,66.7,90.6,41.7,80,82.1,22.2,1,25,12.5,20,6,2,15,20,0,9,2,9,0,0
강원,조지훈,MF,6,370,0,0,6,3,1,2,0,6,0,14,0,1,0,92.2,1,0,100,96.1,89.7,89.8,93.1,84.1,91.2,94.8,0,0,72.7,45.5,25,3,7,17,36,0,1,6,3,2,0
강원,한국영,MF,14,1984,1,2,19,3,4,12,6,13,0,46,2,6,0,93.9,16,0,97.1,97.6,88.4,95.4,94.8,90.4,96.6,92.5,25,2,52.5,50.8,40.9,9,43,80,182,7,10,27,22,2,0
강원,고무열,FW,10,1278,4,1,36,16,9,11,17,19,4,2,0,1,14.3,73.7,11,0,90.4,72.7,68.3,62.5,81.9,50,73.6,74.3,0,0,34.3,91.4,25,5,6,11,47,0,12,19,24,0,0
강원,김경중,FW,66,853,1,1,9,4,1,4,7,2,1,2,0,37,36.4,74.6,6,0,98.3,64,65.4,90,83.9,50,66.4,83.3,7.8,0,50,77.8,0,11,8,29,57,4,9,15,18,2,0
강원,김승대,FW,12,1460,2,4,11,6,2,3,7,4,2,14,33,8,25,74.8,28,0,93.8,68.9,66.6,77.3,88.1,21.2,75.2,79,20,0,41.7,25,0,6,10,8,62,0,14,5,16,0,0
강원,김지현,FW,9,1067,3,2,26,9,7,10,15,11,4,0,0,0,33.3,79.3,10,0,89.6,75,78.3,85.7,79.7,80,76.9,79.9,0,0,29.3,82.9,0,2,6,22,41,0,14,21,21,1,0
강원,서민우,FW,22,122,0,0,0,0,0,0,0,0,0,1,0,1,0,77.2,0,0,95.2,66.7,69.6,75,84.6,50,63.6,83.3,0,0,42.9,14.3,50,2,0,5,9,0,0,3,1,1,0
강원,이현식,FW,29,241,1,0,9,4,2,3,5,4,0,1,0,2,0,79.4,5,0,94.6,81.6,79,36.4,87.3,33.3,89.5,81.4,0,1,28.6,0,33.3,1,4,13,18,0,0,7,7,1,0
강원,정석화,FW,7,515,0,1,6,1,4,1,4,2,0,2,10,2,0,68.3,10,0,94.6,55.7,61.7,100,80,30,67.8,74.4,18.9,0,55,10,0,1,5,8,20,0,7,5,5,1,0
강원,정지용,FW,15,112,0,0,3,1,2,0,1,2,0,0,0,0,50,80.6,1,0,100,50,73.3,50,92.9,0,71.4,87,50,0,60,0,0,0,1,2,4,0,3,5,4,0,0
강원,조재완,FW,18,927,1,1,20,8,6,6,15,5,0,6,5,4,42.9,83.2,8,0,94.6,78.2,77.2,75,92.6,38.5,77.5,87.6,32,1,20.5,17.9,50,3,5,20,41,1,4,8,13,0,0
강원,가솔현,대기,30,0,0,0,0,0,0,0,0,0,0,0,0,0,0,0,0,0,0,0,0,0,0,0,0,0,0,0,0,0,0,0,0,0,0,0,0,0,0,0,0
강원,강지훈,대기,23,0,0,0,0,0,0,0,0,0,0,0,0,0,0,0,0,0,0,0,0,0,0,0,0,0,0,0,0,0,0,0,0,0,0,0,0,0,0,0,0
강원,고무열,대기,10,140,2,0,7,4,2,1,4,3,0,0,1,0,33.3,79,2,0,100,72.4,72.2,50,91.7,0,76.9,79.6,50,0,50,100,0,1,1,0,3,0,1,4,5,0,0
강원,권재범,대기,75,0,0,0,0,0,0,0,0,0,0,0,0,0,0,0,0,0,0,0,0,0,0,0,0,0,0,0,0,0,0,0,0,0,0,0,0,0,0,0,0
강원,김경중,대기,66,48,0,1,1,0,1,0,0,1,0,0,0,1,50,61.1,3,0,100,57.1,66.7,0,60,25,75,70,33.3,0,0,200,0,0,0,0,2,0,0,1,0,0,0
강원,김수범,대기,28,0,0,0,0,0,0,0,0,0,0,0,0,0,0,0,0,0,0,0,0,0,0,0,0,0,0,0,0,0,0,0,0,0,0,0,0,0,0,0,0
강원,김승대,대기,12,206,0,2,2,1,1,0,2,0,2,0,0,0,0,71.2,5,0,92.6,58.6,58.3,100,95.8,50,64.3,73.7,14.3,0,0,100,0,0,0,0,10,0,0,0,1,0,0
강원,김오규,대기,99,25,0,0,0,0,0,0,0,0,0,1,0,0,0,93.1,0,0,100,94.4,50,100,93.8,66.7,91.7,100,0,0,0,0,0,1,0,2,2,0,0,1,1,1,0
강원,김지현,대기,9,334,4,0,13,5,6,2,7,6,0,0,0,0,0,81.2,2,0,95.5,77.5,75.4,100,90,100,80,81.2,33.3,0,33.3,72.2,0,4,1,12,13,2,6,5,2,0,0
강원,서민우,대기,22,10,0,0,0,0,0,0,0,0,0,0,0,0,0,100,0,0,100,100,0,0,100,0,0,100,0,0,66.7,0,100,1,0,2,0,0,0,0,0,0,0
강원,신광훈,대기,17,0,0,0,0,0,0,0,0,0,0,0,0,0,0,0,0,0,0,0,0,0,0,0,0,0,0,0,0,0,0,0,0,0,0,0,0,0,0,0,0
강원,신세계,대기,3,50,0,0,0,0,0,0,0,0,0,0,0,1,0,88.2,0,0,100,100,90,100,66.7,100,85.7,87.5,0,0,100,0,0,1,1,2,4,0,0,3,0,0,0
강원,이광연,대기,1,0,0,0,0,0,0,0,0,0,0,0,0,0,0,0,0,0,0,0,0,0,0,0,0,0,0,0,0,0,0,0,0,0,0,0,0,0,0,0,0
강원,이범수,대기,25,0,0,0,0,0,0,0,0,0,0,0,0,0,0,0,0,0,0,0,0,0,0,0,0,0,0,0,0,0,0,0,0,0,0,0,0,0,0,0,0
강원,이병욱,대기,32,0,0,0,0,0,0,0,0,0,0,0,0,0,0,0,0,0,0,0,0,0,0,0,0,0,0,0,0,0,0,0,0,0,0,0,0,0,0,0,0
강원,이영재,대기,34,424,2,0,24,7,8,9,6,18,0,18,27,2,0,77.8,8,0,93.2,75.7,61.8,85,90.6,55,81.5,83.7,20,0,36.4,18.2,0,4,4,15,41,2,0,3,8,1,0
강원,이재권,대기,8,102,0,0,0,0,0,0,0,0,0,2,0,1,0,86.7,1,0,100,100,77.8,91.7,87.1,50,90.3,87.5,100,0,71.4,0,0,2,1,5,14,2,0,3,3,1,0
강원,이현식,대기,29,210,0,0,6,3,0,3,6,0,0,3,0,2,50,85.5,2,0,94,82.5,81.2,100,88.9,70,91.3,85.7,0,1,50,7.1,0,2,6,9,19,0,4,6,7,1,0
강원,이호인,대기,4,16,0,0,0,0,0,0,0,0,0,0,0,2,0,55.6,0,0,66.7,50,33.3,0,66.7,0,33.3,66.7,0,0,0,0,0,1,1,0,0,0,0,0,0,0,0
강원,정석화,대기,7,164,0,0,0,0,0,0,0,0,0,0,0,4,0,84.6,0,0,96.7,89.7,81.2,85.7,87.2,25,85,88.9,25,0,0,0,0,1,0,5,9,0,1,5,3,0,0
강원,정지용,대기,15,62,0,0,0,0,0,0,0,0,1,0,0,1,0,78.1,3,0,100,60,74.1,0,100,0,88.9,81,25,0,20,20,0,0,0,2,4,0,0,1,1,0,0
강원,조재완,대기,18,204,0,1,7,2,3,2,4,3,0,1,2,1,50,89.2,3,0,96.4,83.9,85.7,100,95.2,100,87.5,89.3,60,1,33.3,22.2,33.3,0,1,7,7,1,3,0,2,0,0
강원,조지훈,대기,6,45,0,0,1,0,0,1,0,1,0,0,1,0,0,85.7,0,0,100,83.3,60,100,88.9,0,86.7,94.4,0,0,100,100,0,1,0,5,4,1,1,2,0,0,0
강원,지의수,대기,16,0,0,0,0,0,0,0,0,0,0,0,0,0,0,0,0,0,0,0,0,0,0,0,0,0,0,0,0,0,0,0,0,0,0,0,0,0,0,0,0
강원,채광훈,대기,19,142,0,0,2,0,2,0,2,0,0,2,6,11,0,72.9,1,0,96.7,50,65.2,72.7,85.7,40,71.4,80.9,13.3,0,57.1,28.6,0,5,1,13,17,0,3,0,2,1,0
광주,윤평국,GK,1,1343,0,0,0,0,0,0,0,0,0,50,0,0,0,56.5,0,0,0,100,0,56.5,66.7,38.2,100,95.7,0,0,0,0,0,9,0,7,74,0,0,0,4,0,0
광주,이진형,GK,21,1250,0,0,0,0,0,0,0,0,0,39,0,0,0,58.7,0,0,0,100,0,58.6,100,42.3,98.4,100,0,0,0,0,0,5,0,6,60,0,1,1,0,1,0
광주,김창수,DF,27,2008,0,1,5,1,1,3,2,3,6,8,0,174,0,68.7,10,0,96,73.8,72.3,63.3,68.2,39.3,61.9,81.7,28.2,0,59.1,86.4,80,30,17,81,130,12,7,11,7,1,0
광주,김태윤,DF,4,67,0,0,0,0,0,0,0,0,0,0,0,0,0,77.8,0,0,100,91.3,0,83.3,74.1,63.6,84.6,75,0,0,66.7,0,66.7,0,1,4,5,2,0,0,1,0,0
광주,박준희,DF,5,94,0,0,1,0,0,1,0,1,0,1,0,21,0,75,0,0,100,73.9,62.5,73.7,85.4,37.5,76.9,79.3,0,0,50,0,0,1,3,5,6,0,0,0,2,0,0
광주,아슐마토프,DF,2,2016,1,1,10,2,2,6,8,2,0,62,0,9,0,80.8,5,0,100,97.6,78.3,77.4,83,64.1,87.7,87.6,0,1,82.4,267.6,52.4,75,38,157,170,19,1,12,2,2,0
광주,여봉훈,DF,14,94,0,0,0,0,0,0,0,0,0,2,0,10,0,64.6,0,0,100,75,63.6,50,70.4,37.5,80,64,0,0,25,50,0,0,2,6,14,0,0,3,4,0,0
광주,이민기,DF,30,976,0,0,5,1,1,3,4,1,1,5,0,95,0,65.6,4,0,96.6,67.1,65.5,54.5,72.7,41.9,58,80,13.8,1,88.9,83.3,100,20,20,63,76,2,3,7,8,1,1
광주,이순민,DF,44,192,0,0,2,1,1,0,0,2,1,0,0,33,0,67.9,2,0,100,80.6,71.1,60.7,69.7,21.4,54.3,87.7,16.7,0,66.7,100,66.7,4,2,13,26,1,1,5,1,2,0
광주,이으뜸,DF,8,948,0,3,9,4,2,3,0,9,0,41,30,71,0,65.5,13,0,100,55.6,50,66.3,77.5,51.4,63.4,78,26.8,0,83.3,191.7,33.3,21,11,49,60,6,6,8,14,0,0
광주,이한도,DF,20,818,0,0,1,0,0,1,0,1,0,15,0,5,0,85.1,2,0,97.9,97.4,90,84.7,85.1,65.9,94.3,85.3,0,0,72.2,127.8,57.1,37,18,40,51,7,2,3,10,1,0
광주,정준연,DF,3,189,0,0,3,0,2,1,3,0,0,0,0,27,50,78.5,1,0,91.3,86.7,73.7,83.3,81.1,20,77.3,83.3,20,0,46.7,40,66.7,5,5,7,11,1,1,1,7,0,0
광주,최준혁,DF,28,95,0,0,0,0,0,0,0,0,0,4,0,0,0,71.7,0,0,80,80,100,61.1,76.9,0,75,77.8,0,0,100,200,0,3,3,10,14,2,1,0,0,0,0
광주,한희훈,DF,29,289,0,1,1,0,0,1,1,0,0,2,0,1,0,72.4,1,0,100,97.1,50,70,74.7,50,75.5,84.1,0,0,100,366.7,33.3,11,11,9,23,6,2,2,5,1,0
광주,홍준호,DF,15,2093,1,0,11,1,4,6,7,4,4,30,0,6,25,70.6,1,0,98.4,90.7,43.3,75.8,69.8,51.9,76.5,77.5,0,0,61.5,338.5,81.5,97,45,131,174,21,1,25,16,4,1
광주,김진현,MF,25,62,0,0,0,0,0,0,0,0,0,0,0,1,0,62.5,0,0,100,50,50,100,66.7,0,0,90.9,0,0,100,100,66.7,2,1,1,2,0,0,0,0,0,0
광주,두현석,MF,13,203,0,0,4,1,1,2,2,2,0,7,4,0,0,70,4,0,80,78.3,60,70,80,58.3,61.3,78.7,26.7,0,37.5,12.5,0,1,3,9,13,0,1,3,4,0,0
광주,박정수,MF,6,2263,0,0,5,1,3,1,2,3,1,39,0,9,0,84.4,1,0,97.6,92.6,75.4,78.9,88.3,67.9,88.1,86.1,25,3,63.4,54.9,41.7,36,37,144,160,16,9,38,37,4,0
광주,박준희,MF,5,78,0,0,0,0,0,0,0,0,0,3,0,0,0,90,0,0,100,90.9,71.4,100,95.5,100,93.8,84.6,100,0,100,200,100,2,1,3,7,0,0,1,1,0,0
광주,엄원상,MF,17,182,1,0,4,2,0,2,4,0,1,0,0,0,50,73.2,3,0,92.9,55.6,68,75,83.3,0,75,80,0,0,60,40,0,0,3,5,10,0,1,0,3,0,0
광주,여름,MF,7,2368,0,0,21,0,8,13,4,17,6,59,34,14,42.9,73.2,19,0,97.8,70.8,62.9,68.1,80.2,44,74.2,81,22.5,3,48.1,33.3,67.6,34,39,95,240,8,10,36,45,3,0
광주,여봉훈,MF,14,537,0,0,2,1,1,0,2,0,0,2,0,8,0,83.1,2,0,95,91.5,81.8,77.4,85.2,46.2,84.3,92.6,0,0,38.9,50,57.1,6,12,20,40,3,3,12,4,0,1
광주,윌리안,MF,94,291,1,0,10,3,3,4,9,1,0,0,1,0,16.7,65.2,1,0,94.4,50,56.5,71.4,69.2,60,60,69.2,0,1,55,30,0,2,8,9,20,0,2,8,6,2,0
광주,이민기,MF,30,176,0,0,2,0,1,1,0,2,0,0,0,8,0,73.6,0,0,95.7,75,69.2,54.5,82.8,20,61.1,90,25,0,50,200,0,5,6,9,9,2,2,1,3,1,0
광주,이으뜸,MF,8,168,0,0,0,0,0,0,0,0,0,2,1,3,0,76.9,2,0,100,81.8,76.9,60,87.5,83.3,58.8,93.8,40,0,100,100,0,0,1,5,8,2,0,0,1,0,0
광주,이한도,MF,20,55,0,0,0,0,0,0,0,0,0,0,0,0,0,93.1,0,0,100,100,0,90.9,100,88.9,100,80,0,0,0,0,0,2,0,0,1,2,0,0,0,0,0
광주,임민혁,MF,10,380,0,2,8,1,2,5,5,3,0,10,11,2,40,69.2,12,0,84,77.2,60.8,73.9,72.9,60.7,64.7,75,36.4,0,47.4,21.1,0,3,5,18,39,0,0,13,6,2,0
광주,정준연,MF,3,94,0,0,0,0,0,0,0,0,0,0,0,0,0,100,0,0,100,100,0,100,100,100,100,100,0,0,66.7,66.7,0,5,0,7,3,0,0,1,4,0,0
광주,최준혁,MF,28,409,0,1,2,1,0,1,1,1,0,5,0,0,0,77.8,3,0,88.9,81,48,78.8,84.6,66.7,83.6,76.1,100,0,72.7,181.8,71.4,5,9,34,36,1,1,3,9,0,0
광주,한희훈,MF,29,333,0,0,3,0,2,1,2,1,0,1,0,0,0,72.7,2,0,100,88.2,73.3,28.6,83.1,60,70,79.1,50,0,57.1,71.4,71.4,7,4,17,28,3,1,2,3,0,0
광주,김정환,FW,11,348,0,1,5,1,3,1,3,2,0,0,1,0,0,74,3,0,95.2,72.4,67.5,75,84,50,68.2,78.7,28.6,0,28.6,23.8,100,1,4,6,17,1,1,4,7,0,0
광주,김주공,FW,22,362,0,0,5,0,1,4,4,1,2,0,0,1,75,73.2,4,0,89.7,67.9,66.7,83.3,78.4,50,57.1,80.7,0,0,44.4,33.3,100,2,2,6,19,0,4,3,4,0,0
광주,김효기,FW,18,60,0,0,0,0,0,0,0,0,1,0,0,0,0,64.3,1,0,85.7,33.3,50,100,80,0,50,66.7,0,0,28.6,42.9,0,0,1,1,3,0,0,1,1,0,0
광주,두현석,FW,13,330,0,0,4,1,1,2,1,3,2,6,4,0,50,68.5,5,0,90.3,59.5,57.8,40,83,71.4,62.5,71,13.3,0,33.3,33.3,100,3,1,14,17,0,5,1,8,0,0
광주,마르코,FW,61,105,0,0,0,0,0,0,0,0,1,0,0,2,0,65.8,1,0,85.7,57.1,68.4,100,58.8,60,71.4,65.4,0,0,33.3,33.3,0,0,0,1,8,0,3,0,0,0,0
광주,엄원상,FW,17,1657,6,2,26,10,7,9,17,9,5,1,0,3,25,65.5,17,0,80.6,66.9,59,69.7,75.9,56.2,62.1,66.8,8.3,2,43.5,14.5,60,8,18,66,98,0,13,8,34,1,0
광주,윌리안,FW,94,1051,4,3,29,12,6,11,17,12,5,1,1,3,18.2,74.6,10,0,94.2,73.8,69.6,69.6,80.6,62.5,78.8,74.6,30.8,5,40,32.7,66.7,2,17,38,80,0,8,21,29,4,1
광주,이희균,FW,24,86,0,0,2,1,1,0,1,1,0,0,0,2,33.3,80.6,0,0,100,87.5,75,33.3,93.8,0,100,75,0,0,33.3,33.3,0,0,1,4,10,0,1,2,2,0,0
광주,임민혁,FW,10,95,0,0,1,0,1,0,0,1,0,1,1,2,0,79.2,1,0,100,76.2,70,80,87,80,61.5,86.7,20,0,50,0,0,0,1,0,10,0,0,1,5,0,0
광주,펠리페,FW,9,2175,12,1,60,24,11,25,43,17,10,1,0,0,33.3,62.6,24,0,85.5,64.2,57.5,60,67.2,48.3,52.8,67.9,15.8,0,39.5,209.9,66.7,26,21,36,100,2,32,50,60,4,1
광주,김정환,대기,11,218,2,1,4,3,0,1,3,1,1,0,0,2,0,66.2,1,0,80,65,56.8,66.7,81.8,44.4,69.2,69.8,25,0,30.8,23.1,0,0,2,1,14,1,1,2,2,0,0
광주,김주공,대기,22,489,2,3,7,2,0,5,5,2,0,0,0,0,0,74.4,2,0,90.9,72.3,64.3,72.2,87.2,50,70.4,76.7,15.4,0,31.6,57.9,0,2,5,15,25,0,7,6,9,0,0
광주,김진현,대기,25,0,0,0,0,0,0,0,0,0,0,0,0,0,0,0,0,0,0,0,0,0,0,0,0,0,0,0,0,0,0,0,0,0,0,0,0,0,0,0,0
광주,김창수,대기,27,130,0,0,0,0,0,0,0,0,0,1,0,9,100,69.8,0,0,100,72.7,62.5,100,67.7,60,68.4,72.4,0,0,100,25,100,2,5,7,7,0,0,0,0,0,0
광주,김태곤,대기,23,0,0,0,0,0,0,0,0,0,0,0,0,0,0,0,0,0,0,0,0,0,0,0,0,0,0,0,0,0,0,0,0,0,0,0,0,0,0,0,0
광주,김태윤,대기,4,0,0,0,0,0,0,0,0,0,0,0,0,0,0,0,0,0,0,0,0,0,0,0,0,0,0,0,0,0,0,0,0,0,0,0,0,0,0,0,0
광주,김효기,대기,18,292,0,0,7,1,5,1,6,1,1,0,0,0,0,78.4,0,0,90,85.7,82.1,50,81.1,0,69.2,82.6,0,0,57.1,142.9,0,0,5,13,24,0,2,2,4,0,0
광주,두현석,대기,13,51,1,0,3,1,0,2,2,1,1,0,1,0,50,90,0,0,100,66.7,75,100,100,100,100,85.7,0,0,0,33.3,0,2,0,0,4,0,0,0,0,0,0
광주,마르코,대기,61,115,0,1,4,1,1,2,1,3,0,1,0,1,0,81.1,2,0,88.9,93.8,76.9,33.3,90.5,100,73.7,86.7,100,0,25,0,0,0,1,0,9,0,1,0,2,0,0
광주,박정수,대기,6,35,0,0,0,0,0,0,0,0,0,0,0,2,0,85.2,0,0,100,83.3,80,100,84.6,100,87.5,80,0,0,75,0,66.7,1,2,7,6,0,0,2,1,1,0
광주,박준희,대기,5,0,0,0,0,0,0,0,0,0,0,0,0,0,0,0,0,0,0,0,0,0,0,0,0,0,0,0,0,0,0,0,0,0,0,0,0,0,0,0,0
광주,아슐마토프,대기,2,0,0,0,0,0,0,0,0,0,0,0,0,0,0,0,0,0,0,0,0,0,0,0,0,0,0,0,0,0,0,0,0,0,0,0,0,0,0,0,0
광주,여봉훈,대기,14,148,0,0,2,0,1,1,0,2,0,0,0,1,50,88,1,0,100,81.2,76.5,87.5,96,80,78.9,96.2,0,0,0,0,66.7,3,3,7,15,0,2,0,1,0,0
광주,윤평국,대기,1,0,0,0,0,0,0,0,0,0,0,0,0,0,0,0,0,0,0,0,0,0,0,0,0,0,0,0,0,0,0,0,0,0,0,0,0,0,0,0,0
광주,이민기,대기,30,0,0,0,0,0,0,0,0,0,0,0,0,0,0,0,0,0,0,0,0,0,0,0,0,0,0,0,0,0,0,0,0,0,0,0,0,0,0,0,0
광주,이순민,대기,44,0,0,0,0,0,0,0,0,0,0,0,0,0,0,0,0,0,0,0,0,0,0,0,0,0,0,0,0,0,0,0,0,0,0,0,0,0,0,0,0
광주,이으뜸,대기,8,50,0,0,0,0,0,0,0,0,0,1,1,2,0,63.6,0,0,0,66.7,16.7,57.1,100,62.5,50,75,0,0,0,100,0,1,1,4,5,1,0,1,0,0,0
광주,이진형,대기,21,0,0,0,0,0,0,0,0,0,0,0,0,0,0,0,0,0,0,0,0,0,0,0,0,0,0,0,0,0,0,0,0,0,0,0,0,0,0,0,0
광주,이한도,대기,20,0,0,0,0,0,0,0,0,0,0,0,0,0,0,0,0,0,0,0,0,0,0,0,0,0,0,0,0,0,0,0,0,0,0,0,0,0,0,0,0
광주,이희균,대기,24,0,0,0,0,0,0,0,0,0,0,0,0,0,0,0,0,0,0,0,0,0,0,0,0,0,0,0,0,0,0,0,0,0,0,0,0,0,0,0,0
광주,임민혁,대기,10,348,1,1,5,1,2,2,1,4,0,17,8,1,50,73.1,2,0,100,72.1,68.9,58.3,77.5,37.5,74.5,84.8,14.3,0,25,37.5,0,3,4,9,32,0,2,5,10,2,0
광주,정준연,대기,3,0,0,0,0,0,0,0,0,0,0,0,0,0,0,0,0,0,0,0,0,0,0,0,0,0,0,0,0,0,0,0,0,0,0,0,0,0,0,0,0
광주,정현우,대기,19,11,0,0,0,0,0,0,0,0,0,0,1,0,0,0,0,0,0,0,0,0,0,0,0,0,0,0,0,0,0,0,0,0,0,0,0,0,0,0,0
광주,최준혁,대기,28,47,0,0,0,0,0,0,0,0,0,0,0,0,100,50,1,0,50,20,57.1,100,33.3,0,25,60,0,0,75,75,0,2,0,2,4,0,1,1,1,1,0
광주,펠리페,대기,9,19,0,0,4,1,1,2,4,0,0,0,0,0,0,66.7,3,0,100,71.4,62.5,0,75,0,50,85.7,0,0,0,400,0,0,0,0,2,0,0,1,0,0,0
광주,한희훈,대기,29,75,0,0,0,0,0,0,0,0,0,2,0,0,0,89.7,0,0,83.3,100,100,84.6,93.1,87.5,88.5,93.8,0,0,33.3,133.3,100,1,7,3,7,1,0,1,2,0,0
광주,홍준호,대기,15,0,0,0,0,0,0,0,0,0,0,0,0,0,0,0,0,0,0,0,0,0,0,0,0,0,0,0,0,0,0,0,0,0,0,0,0,0,0,0,0
상주,박지민,GK,41,286,0,0,0,0,0,0,0,0,0,0,0,0,0,0,0,0,0,0,0,0,0,0,0,0,0,0,0,0,0,0,0,0,0,0,0,0,0,1,0
상주,이창근,GK,21,1730,0,0,0,0,0,0,0,0,0,0,0,0,0,0,0,0,0,0,0,0,0,0,0,0,0,0,0,0,0,0,0,0,0,0,0,0,0,1,0
상주,황병근,GK,1,573,0,0,0,0,0,0,0,0,0,0,0,0,0,0,0,0,0,0,0,0,0,0,0,0,0,0,0,0,0,0,0,0,0,0,0,0,0,0,0
상주,강상우,DF,12,95,0,0,0,0,0,0,0,0,0,0,0,0,0,0,0,0,0,0,0,0,0,0,0,0,0,0,0,0,0,0,0,0,0,0,0,0,0,0,0
상주,고명석,DF,27,869,0,0,0,0,0,0,0,0,0,0,0,0,0,0,0,0,0,0,0,0,0,0,0,0,0,0,0,0,0,0,0,0,0,0,0,0,0,2,0
상주,권경원,DF,15,2190,1,0,0,0,0,0,0,0,0,0,0,0,0,0,0,0,0,0,0,0,0,0,0,0,0,0,0,0,0,0,0,0,0,0,0,0,0,1,0
상주,김대중,DF,5,70,0,0,0,0,0,0,0,0,0,0,0,0,0,0,0,0,0,0,0,0,0,0,0,0,0,0,0,0,0,0,0,0,0,0,0,0,0,0,0
상주,김진혁,DF,9,1721,1,0,0,0,0,0,0,0,0,0,0,0,0,0,0,0,0,0,0,0,0,0,0,0,0,0,0,0,0,0,0,0,0,0,0,0,0,4,0
상주,박병현,DF,20,469,0,0,0,0,0,0,0,0,0,0,0,0,0,0,0,0,0,0,0,0,0,0,0,0,0,0,0,0,0,0,0,0,0,0,0,0,0,2,0
상주,박세진,DF,11,74,0,0,0,0,0,0,0,0,0,0,0,0,0,0,0,0,0,0,0,0,0,0,0,0,0,0,0,0,0,0,0,0,0,0,0,0,0,0,0
상주,배재우,DF,2,1223,0,0,0,0,0,0,0,0,0,0,0,0,0,0,0,0,0,0,0,0,0,0,0,0,0,0,0,0,0,0,0,0,0,0,0,0,0,2,0
상주,심상민,DF,34,858,0,1,0,0,0,0,0,0,0,0,0,0,0,0,0,0,0,0,0,0,0,0,0,0,0,0,0,0,0,0,0,0,0,0,0,0,0,0,0
상주,안태현,DF,25,1840,1,1,0,0,0,0,0,0,0,0,0,0,0,0,0,0,0,0,0,0,0,0,0,0,0,0,0,0,0,0,0,0,0,0,0,0,0,5,0
상주,우주성,DF,32,167,0,0,0,0,0,0,0,0,0,0,0,0,0,0,0,0,0,0,0,0,0,0,0,0,0,0,0,0,0,0,0,0,0,0,0,0,0,0,0
상주,이상기,DF,24,617,1,0,0,0,0,0,0,0,0,0,0,0,0,0,0,0,0,0,0,0,0,0,0,0,0,0,0,0,0,0,0,0,0,0,0,0,0,2,0
상주,고명석,MF,27,95,0,0,0,0,0,0,0,0,0,0,0,0,0,0,0,0,0,0,0,0,0,0,0,0,0,0,0,0,0,0,0,0,0,0,0,0,0,0,0
상주,김민혁,MF,14,983,2,0,0,0,0,0,0,0,0,0,0,0,0,0,0,0,0,0,0,0,0,0,0,0,0,0,0,0,0,0,0,0,0,0,0,0,0,1,0
상주,김보섭,MF,26,83,0,0,0,0,0,0,0,0,0,0,0,0,0,0,0,0,0,0,0,0,0,0,0,0,0,0,0,0,0,0,0,0,0,0,0,0,0,0,0
상주,김선우,MF,6,396,0,0,0,0,0,0,0,0,0,0,0,0,0,0,0,0,0,0,0,0,0,0,0,0,0,0,0,0,0,0,0,0,0,0,0,0,0,1,0
상주,문선민,MF,17,190,0,0,0,0,0,0,0,0,0,0,0,0,0,0,0,0,0,0,0,0,0,0,0,0,0,0,0,0,0,0,0,0,0,0,0,0,0,0,0
상주,문창진,MF,13,96,0,0,0,0,0,0,0,0,0,0,0,0,0,0,0,0,0,0,0,0,0,0,0,0,0,0,0,0,0,0,0,0,0,0,0,0,0,0,0
상주,박세진,MF,11,136,0,0,0,0,0,0,0,0,0,0,0,0,0,0,0,0,0,0,0,0,0,0,0,0,0,0,0,0,0,0,0,0,0,0,0,0,0,0,0
상주,박용우,MF,8,1988,1,0,0,0,0,0,0,0,0,0,0,0,0,0,0,0,0,0,0,0,0,0,0,0,0,0,0,0,0,0,0,0,0,0,0,0,0,0,0
상주,송승민,MF,16,54,0,0,0,0,0,0,0,0,0,0,0,0,0,0,0,0,0,0,0,0,0,0,0,0,0,0,0,0,0,0,0,0,0,0,0,0,0,0,0
상주,우주성,MF,32,101,0,0,0,0,0,0,0,0,0,0,0,0,0,0,0,0,0,0,0,0,0,0,0,0,0,0,0,0,0,0,0,0,0,0,0,0,0,0,0
상주,이동수,MF,23,841,0,0,0,0,0,0,0,0,0,0,0,0,0,0,0,0,0,0,0,0,0,0,0,0,0,0,0,0,0,0,0,0,0,0,0,0,0,1,0
상주,이찬동,MF,40,471,0,0,0,0,0,0,0,0,0,0,0,0,0,0,0,0,0,0,0,0,0,0,0,0,0,0,0,0,0,0,0,0,0,0,0,0,0,3,0
상주,전세진,MF,22,5,0,0,0,0,0,0,0,0,0,0,0,0,0,0,0,0,0,0,0,0,0,0,0,0,0,0,0,0,0,0,0,0,0,0,0,0,0,0,0
상주,정원진,MF,36,174,0,0,0,0,0,0,0,0,0,0,0,0,0,0,0,0,0,0,0,0,0,0,0,0,0,0,0,0,0,0,0,0,0,0,0,0,0,0,0
상주,한석종,MF,4,1285,0,0,0,0,0,0,0,0,0,0,0,0,0,0,0,0,0,0,0,0,0,0,0,0,0,0,0,0,0,0,0,0,0,0,0,0,0,2,0
상주,허용준,MF,29,79,0,0,0,0,0,0,0,0,0,0,0,0,0,0,0,0,0,0,0,0,0,0,0,0,0,0,0,0,0,0,0,0,0,0,0,0,0,0,0
상주,강상우,FW,12,1338,7,5,0,0,0,0,0,0,0,0,0,0,0,0,0,0,0,0,0,0,0,0,0,0,0,0,0,0,0,0,0,0,0,0,0,0,0,0,0
상주,강지훈,FW,42,82,0,1,0,0,0,0,0,0,0,0,0,0,0,0,0,0,0,0,0,0,0,0,0,0,0,0,0,0,0,0,0,0,0,0,0,0,0,0,0
상주,김보섭,FW,26,1016,1,1,0,0,0,0,0,0,0,0,0,0,0,0,0,0,0,0,0,0,0,0,0,0,0,0,0,0,0,0,0,0,0,0,0,0,0,2,0
상주,류승우,FW,7,47,0,0,0,0,0,0,0,0,0,0,0,0,0,0,0,0,0,0,0,0,0,0,0,0,0,0,0,0,0,0,0,0,0,0,0,0,0,0,0
상주,문선민,FW,17,453,0,2,0,0,0,0,0,0,0,0,0,0,0,0,0,0,0,0,0,0,0,0,0,0,0,0,0,0,0,0,0,0,0,0,0,0,0,0,0
상주,문창진,FW,13,61,0,1,0,0,0,0,0,0,0,0,0,0,0,0,0,0,0,0,0,0,0,0,0,0,0,0,0,0,0,0,0,0,0,0,0,0,0,0,0
상주,박동진,FW,28,283,1,0,0,0,0,0,0,0,0,0,0,0,0,0,0,0,0,0,0,0,0,0,0,0,0,0,0,0,0,0,0,0,0,0,0,0,0,0,0
상주,송승민,FW,16,590,1,0,0,0,0,0,0,0,0,0,0,0,0,0,0,0,0,0,0,0,0,0,0,0,0,0,0,0,0,0,0,0,0,0,0,0,0,0,0
상주,오세훈,FW,18,1075,4,2,0,0,0,0,0,0,0,0,0,0,0,0,0,0,0,0,0,0,0,0,0,0,0,0,0,0,0,0,0,0,0,0,0,0,0,2,0
상주,오현규,FW,35,248,2,0,0,0,0,0,0,0,0,0,0,0,0,0,0,0,0,0,0,0,0,0,0,0,0,0,0,0,0,0,0,0,0,0,0,0,0,0,0
상주,이근호,FW,19,240,0,0,0,0,0,0,0,0,0,0,0,0,0,0,0,0,0,0,0,0,0,0,0,0,0,0,0,0,0,0,0,0,0,0,0,0,0,0,0
상주,정원진,FW,36,65,1,0,0,0,0,0,0,0,0,0,0,0,0,0,0,0,0,0,0,0,0,0,0,0,0,0,0,0,0,0,0,0,0,0,0,0,0,0,0
상주,정재희,FW,38,437,3,0,0,0,0,0,0,0,0,0,0,0,0,0,0,0,0,0,0,0,0,0,0,0,0,0,0,0,0,0,0,0,0,0,0,0,0,0,0
상주,진성욱,FW,10,459,0,1,0,0,0,0,0,0,0,0,0,0,0,0,0,0,0,0,0,0,0,0,0,0,0,0,0,0,0,0,0,0,0,0,0,0,0,0,0
상주,허용준,FW,29,95,0,0,0,0,0,0,0,0,0,0,0,0,0,0,0,0,0,0,0,0,0,0,0,0,0,0,0,0,0,0,0,0,0,0,0,0,0,0,0
상주,고명석,대기,27,16,0,0,0,0,0,0,0,0,0,0,0,0,0,0,0,0,0,0,0,0,0,0,0,0,0,0,0,0,0,0,0,0,0,0,0,0,0,0,0
상주,권경원,대기,15,0,0,0,0,0,0,0,0,0,0,0,0,0,0,0,0,0,0,0,0,0,0,0,0,0,0,0,0,0,0,0,0,0,0,0,0,0,0,0,0
상주,김대중,대기,5,0,0,0,0,0,0,0,0,0,0,0,0,0,0,0,0,0,0,0,0,0,0,0,0,0,0,0,0,0,0,0,0,0,0,0,0,0,0,0,0
상주,김동민,대기,39,0,0,0,0,0,0,0,0,0,0,0,0,0,0,0,0,0,0,0,0,0,0,0,0,0,0,0,0,0,0,0,0,0,0,0,0,0,0,0,0
상주,김민혁,대기,14,0,0,0,0,0,0,0,0,0,0,0,0,0,0,0,0,0,0,0,0,0,0,0,0,0,0,0,0,0,0,0,0,0,0,0,0,0,0,0,0
상주,김보섭,대기,26,34,0,0,0,0,0,0,0,0,0,0,0,0,0,0,0,0,0,0,0,0,0,0,0,0,0,0,0,0,0,0,0,0,0,0,0,0,0,0,0
상주,김선우,대기,6,7,0,0,0,0,0,0,0,0,0,0,0,0,0,0,0,0,0,0,0,0,0,0,0,0,0,0,0,0,0,0,0,0,0,0,0,0,0,0,0
상주,김진혁,대기,9,24,0,0,0,0,0,0,0,0,0,0,0,0,0,0,0,0,0,0,0,0,0,0,0,0,0,0,0,0,0,0,0,0,0,0,0,0,0,0,0
상주,문선민,대기,17,614,5,2,0,0,0,0,0,0,0,0,0,0,0,0,0,0,0,0,0,0,0,0,0,0,0,0,0,0,0,0,0,0,0,0,0,0,0,1,0
상주,문창진,대기,13,406,1,0,0,0,0,0,0,0,0,0,0,0,0,0,0,0,0,0,0,0,0,0,0,0,0,0,0,0,0,0,0,0,0,0,0,0,0,1,0
상주,박동진,대기,28,175,0,0,0,0,0,0,0,0,0,0,0,0,0,0,0,0,0,0,0,0,0,0,0,0,0,0,0,0,0,0,0,0,0,0,0,0,0,0,0
상주,박병현,대기,20,0,0,0,0,0,0,0,0,0,0,0,0,0,0,0,0,0,0,0,0,0,0,0,0,0,0,0,0,0,0,0,0,0,0,0,0,0,0,0,0
상주,박세진,대기,11,121,0,0,0,0,0,0,0,0,0,0,0,0,0,0,0,0,0,0,0,0,0,0,0,0,0,0,0,0,0,0,0,0,0,0,0,0,0,0,0
상주,박용우,대기,8,157,0,0,0,0,0,0,0,0,0,0,0,0,0,0,0,0,0,0,0,0,0,0,0,0,0,0,0,0,0,0,0,0,0,0,0,0,0,0,0
상주,박지민,대기,41,0,0,0,0,0,0,0,0,0,0,0,0,0,0,0,0,0,0,0,0,0,0,0,0,0,0,0,0,0,0,0,0,0,0,0,0,0,0,0,0
상주,송승민,대기,16,35,0,0,0,0,0,0,0,0,0,0,0,0,0,0,0,0,0,0,0,0,0,0,0,0,0,0,0,0,0,0,0,0,0,0,0,0,0,0,0
상주,심상민,대기,34,48,0,0,0,0,0,0,0,0,0,0,0,0,0,0,0,0,0,0,0,0,0,0,0,0,0,0,0,0,0,0,0,0,0,0,0,0,0,0,0
상주,안태현,대기,25,11,0,0,0,0,0,0,0,0,0,0,0,0,0,0,0,0,0,0,0,0,0,0,0,0,0,0,0,0,0,0,0,0,0,0,0,0,0,0,0
상주,오현규,대기,35,14,0,0,0,0,0,0,0,0,0,0,0,0,0,0,0,0,0,0,0,0,0,0,0,0,0,0,0,0,0,0,0,0,0,0,0,0,0,0,0
상주,우주성,대기,32,185,0,0,0,0,0,0,0,0,0,0,0,0,0,0,0,0,0,0,0,0,0,0,0,0,0,0,0,0,0,0,0,0,0,0,0,0,0,1,0
상주,이근호,대기,19,103,0,1,0,0,0,0,0,0,0,0,0,0,0,0,0,0,0,0,0,0,0,0,0,0,0,0,0,0,0,0,0,0,0,0,0,0,0,1,0
상주,이동수,대기,23,50,0,0,0,0,0,0,0,0,0,0,0,0,0,0,0,0,0,0,0,0,0,0,0,0,0,0,0,0,0,0,0,0,0,0,0,0,0,0,0
상주,이상기,대기,24,43,0,0,0,0,0,0,0,0,0,0,0,0,0,0,0,0,0,0,0,0,0,0,0,0,0,0,0,0,0,0,0,0,0,0,0,0,0,0,0
상주,이찬동,대기,40,1,0,0,0,0,0,0,0,0,0,0,0,0,0,0,0,0,0,0,0,0,0,0,0,0,0,0,0,0,0,0,0,0,0,0,0,0,0,0,0
상주,이창근,대기,21,0,0,0,0,0,0,0,0,0,0,0,0,0,0,0,0,0,0,0,0,0,0,0,0,0,0,0,0,0,0,0,0,0,0,0,0,0,0,0,0
상주,전세진,대기,22,0,0,0,0,0,0,0,0,0,0,0,0,0,0,0,0,0,0,0,0,0,0,0,0,0,0,0,0,0,0,0,0,0,0,0,0,0,0,0,0
상주,정원진,대기,36,82,0,0,0,0,0,0,0,0,0,0,0,0,0,0,0,0,0,0,0,0,0,0,0,0,0,0,0,0,0,0,0,0,0,0,0,0,0,0,0
상주,정재희,대기,38,94,0,0,0,0,0,0,0,0,0,0,0,0,0,0,0,0,0,0,0,0,0,0,0,0,0,0,0,0,0,0,0,0,0,0,0,0,0,0,0
상주,허용준,대기,29,0,0,0,0,0,0,0,0,0,0,0,0,0,0,0,0,0,0,0,0,0,0,0,0,0,0,0,0,0,0,0,0,0,0,0,0,0,0,0,0
상주,황병근,대기,1,0,0,0,0,0,0,0,0,0,0,0,0,0,0,0,0,0,0,0,0,0,0,0,0,0,0,0,0,0,0,0,0,0,0,0,0,0,0,0,0
